session_id,endtime,gender,age,residence,ethnicity,ethnicity_rec,device
155727,2025-05-06T11:37:54Z,male,40,GB,middle eastern,MENA,desktop
155728,2025-05-06T11:33:04Z,male,23,PT,white,White,desktop
155729,2025-05-06T11:33:45Z,male,22,PL,white,White,desktop
155730,2025-05-06T11:30:01Z,male,24,PL,white,White,desktop
155731,2025-05-06T11:48:06Z,male,25,ZA,cape coloured,Mixed,desktop
155732,2025-05-06T11:41:52Z,male,36,GB,white,White,laptop
155733,2025-05-06T11:39:24Z,male,47,ES,latin european,Ambiguous label,desktop
155734,2025-05-06T11:35:01Z,male,59,GB,british,White,desktop
155735,2025-05-06T11:42:12Z,male,32,HU,white,White,desktop
155736,2025-05-06T11:37:39Z,male,45,ZA,white,White,laptop
155737,2025-05-06T11:32:13Z,male,31,IT,caucasian,White,laptop
155738,2025-05-06T11:37:27Z,male,26,GB,white british,White,desktop
155739,2025-05-06T11:32:49Z,male,30,DE,white,White,desktop
155740,2025-05-06T11:39:25Z,male,34,GB,black,Black,laptop
155741,2025-05-06T11:40:00Z,male,21,KE,african,Black,laptop
155742,2025-05-06T11:30:34Z,male,43,GB,white,White,laptop
155743,2025-05-06T11:31:28Z,male,49,GB,white british,White,laptop
155744,2025-05-06T11:33:07Z,male,24,GB,black,Black,laptop
155745,2025-05-06T12:06:25Z,female,40,GB,white,White,laptop
155746,2025-05-06T11:33:03Z,male,25,CH,white,White,laptop
155747,2025-05-06T11:41:06Z,male,36,ZA,black,Black,desktop
155748,2025-05-06T11:40:58Z,female,31,GB,asian,Asian,phone
155749,2025-05-06T11:41:25Z,female,36,PT,caucasian,White,desktop
155750,2025-05-06T11:43:35Z,male,27,US,black,Black,laptop
155751,2025-05-06T11:45:03Z,male,43,IT,white,White,laptop
155752,2025-05-06T11:31:32Z,male,25,GB,white,White,laptop
155753,2025-05-06T11:35:06Z,male,46,AU,white,White,desktop
155754,2025-05-06T11:34:35Z,male,26,NL,white/caucasian,White,laptop
155755,2025-05-06T11:32:18Z,female,42,AU,white,White,laptop
155756,2025-05-06T11:31:17Z,female,30,GB,white,White,phone
155757,2025-05-06T11:53:56Z,male,54,ZA,mixed,Mixed,desktop
155758,2025-05-06T11:33:21Z,female,49,GB,white,White,laptop
155760,2025-05-06T11:42:35Z,female,32,PL,white,White,laptop
155762,2025-05-06T11:43:12Z,female,27,ZA,black,Black,laptop
155763,2025-05-06T11:32:21Z,female,22,US,black,Black,desktop
155764,2025-05-06T11:34:03Z,male,35,GR,greek,White,desktop
155765,2025-05-06T11:35:03Z,male,36,ZA,indian,Asian,desktop
155767,2025-05-06T11:40:45Z,male,39,US,white,White,laptop
155768,2025-05-06T11:34:06Z,male,27,AU,filipino,Asian,desktop
155769,2025-05-06T11:40:01Z,male,29,GB,white,White,phone
155770,2025-05-06T11:31:57Z,female,20,GB,asian,Asian,laptop
155771,2025-05-06T11:34:11Z,male,35,ZA,black,Black,laptop
155772,2025-05-06T11:40:16Z,male,43,GB,black/british,Ambiguous label,laptop
155773,2025-05-06T11:34:42Z,male,29,PT,white caucasian,White,phone
155774,2025-05-06T11:44:09Z,male,22,ZA,black,Black,desktop
155776,2025-05-06T11:50:39Z,male,30,PT,white,White,desktop
155777,2025-05-06T11:31:08Z,male,20,GB,white,White,desktop
155778,2025-05-06T11:34:34Z,male,21,KE,black,Black,laptop
155779,2025-05-06T11:48:11Z,male,42,GB,black,Black,desktop
155780,2025-05-06T11:43:40Z,male,28,US,white,White,laptop
155781,2025-05-06T11:34:34Z,male,30,ZA,black african,Black,desktop
155783,2025-05-06T11:47:52Z,female,32,US,white,White,desktop
155784,2025-05-06T11:32:42Z,female,34,ZA,black,Black,phone
155785,2025-05-06T11:47:38Z,male,26,GB,white,White,desktop
155786,2025-05-06T11:45:47Z,female,27,ZA,african,Black,desktop
155787,2025-05-06T11:39:33Z,female,31,ZA,black,Black,laptop
155788,2025-05-06T11:41:21Z,male,21,ZA,black african,Black,laptop
155789,2025-05-06T11:37:30Z,male,35,GR,white,White,laptop
155790,2025-05-06T11:51:10Z,female,21,GB,black,Black,laptop
155791,2025-05-06T11:50:03Z,male,28,ES,white,White,laptop
155792,2025-05-06T11:32:52Z,male,32,FR,white,White,desktop
155793,2025-05-06T11:45:05Z,male,21,ZA,black,Black,laptop
155794,2025-05-06T11:38:45Z,male,30,ES,white,White,desktop
155795,2025-05-06T11:38:47Z,male,29,GR,greek/white,White,laptop
155796,2025-05-06T11:34:32Z,male,34,GB,bangladeshi,Asian,laptop
155797,2025-05-06T11:31:42Z,male,25,MX,hispanic,Latine,phone
155799,2025-05-06T11:52:27Z,male,30,ZA,black,Black,laptop
155800,2025-05-06T11:34:33Z,male,47,ES,caucasian,White,desktop
155801,2025-05-06T11:47:32Z,male,47,EE,caucasian,White,laptop
155802,2025-05-06T11:41:10Z,male,26,ZA,black,Black,laptop
155803,2025-05-06T11:33:53Z,male,29,ZA,african,Black,laptop
155804,2025-05-06T11:42:07Z,male,25,HU,white,White,laptop
155805,2025-05-06T11:43:08Z,male,21,ZA,black,Black,laptop
155807,2025-05-06T11:37:51Z,male,50,GB,white,White,laptop
155808,2025-05-06T11:45:19Z,male,24,GB,black/african,Black,laptop
155810,2025-05-06T11:38:28Z,male,31,IT,white,White,desktop
155811,2025-05-06T11:38:26Z,male,30,GB,white,White,desktop
155812,2025-05-06T11:43:27Z,female,38,ZA,black,Black,laptop
155813,2025-05-06T11:40:08Z,female,33,CA,black,Black,laptop
155814,2025-05-06T11:42:18Z,male,44,GB,white british,White,desktop
155815,2025-05-06T11:38:27Z,male,26,US,latino,Latine,desktop
155816,2025-05-06T11:40:46Z,female,20,ZA,colored,Black,laptop
155817,2025-05-06T11:48:09Z,male,21,ZA,black,Black,laptop
155818,2025-05-06T12:05:59Z,male,39,ES,blanco,White,phone
155819,2025-05-06T11:37:52Z,female,45,ZA,black,Black,phone
155821,2025-05-06T11:44:10Z,female,42,ZA,black,Black,laptop
155822,2025-05-06T11:50:07Z,female,54,ZA,african,Black,phone
155823,2025-05-06T11:52:22Z,male,37,ZA,black,Black,laptop
155824,2025-05-06T11:44:42Z,female,36,ZA,black,Black,desktop
155825,2025-05-06T11:42:10Z,female,40,ZA,black,Black,desktop
155826,2025-05-06T11:41:40Z,female,31,ZA,black,Black,phone
155827,2025-05-06T11:46:16Z,female,24,ZA,asian,Asian,phone
155830,2025-05-06T11:53:31Z,female,23,ZA,black,Black,phone
155832,2025-05-06T11:40:26Z,female,26,ZA,black,Black,phone
155833,2025-05-06T11:57:14Z,male,39,US,white,White,desktop
155834,2025-05-06T11:48:57Z,male,39,IT,caucasian,White,desktop
155836,2025-05-06T11:52:30Z,female,26,ZA,black african,Black,phone
155837,2025-05-06T11:49:09Z,female,21,ZA,black,Black,phone
155838,2025-05-06T11:51:44Z,male,31,GB,black/african,Black,laptop
155839,2025-05-06T11:50:28Z,female,42,ZA,black,Black,laptop
155840,2025-05-06T11:50:12Z,female,39,ZA,african,Black,desktop
155841,2025-05-06T12:06:03Z,male,40,GB,black,Black,laptop
155842,2025-05-06T11:47:34Z,female,26,ZA,black,Black,desktop
155843,2025-05-06T11:48:51Z,female,42,US,black,Black,laptop
155844,2025-05-06T11:49:28Z,male,30,ZA,race,Ambiguous label,laptop
155845,2025-05-06T11:44:47Z,male,19,ZA,black,Black,phone
155847,2025-05-06T11:43:18Z,female,73,HU,white,White,laptop
155848,2025-05-06T11:50:42Z,male,24,KE,african,Black,phone
155850,2025-05-06T11:55:19Z,female,69,ZA,black,Black,laptop
155851,2025-05-06T11:45:03Z,female,29,ZA,black,Black,phone
155852,2025-05-06T11:51:48Z,female,34,ZA,black african,Black,desktop
155853,2025-05-06T11:50:38Z,female,34,ZA,african,Black,laptop
155854,2025-05-06T11:50:04Z,male,25,ZA,black african,Black,phone
155857,2025-05-06T11:53:19Z,female,29,ZA,black,Black,laptop
155858,2025-05-06T11:51:08Z,male,42,ZA,black,Black,laptop
155859,2025-05-06T11:58:51Z,female,39,ZA,black,Black,laptop
155860,2025-05-06T11:54:34Z,female,37,GB,philippine,Asian,laptop
155862,2025-05-06T12:04:35Z,female,28,ZA,black,Black,laptop
155863,2025-05-06T11:49:02Z,male,27,ZA,african,Black,desktop
155864,2025-05-06T12:03:02Z,female,26,ZA,black,Black,desktop
155865,2025-05-06T11:53:29Z,female,23,ZA,coloured,Black,phone
155866,2025-05-06T11:57:22Z,female,29,ZA,black,Black,phone
155867,2025-05-06T11:50:04Z,female,26,ZA,black,Black,desktop
155868,2025-05-06T12:02:18Z,female,44,ZA,black,Black,desktop
155870,2025-05-06T11:52:48Z,female,29,ZA,black,Black,desktop
155871,2025-05-06T11:57:47Z,female,25,US,white,White,laptop
155872,2025-05-06T11:49:10Z,male,27,KE,african,Black,phone
155873,2025-05-06T12:04:07Z,male,27,ZA,black,Black,laptop
155874,2025-05-06T12:00:48Z,female,32,ZA,black,Black,laptop
155875,2025-05-06T11:56:42Z,male,52,ZA,black,Black,phone
155876,2025-05-06T11:48:19Z,male,69,GR,white,White,laptop
155877,2025-05-06T11:49:26Z,male,21,ZA,black,Black,phone
155878,2025-05-06T11:54:20Z,male,22,GB,black,Black,laptop
155880,2025-05-06T11:49:18Z,male,27,US,white,White,laptop
155881,2025-05-06T11:57:57Z,male,22,ZA,black,Black,laptop
155882,2025-05-06T12:03:04Z,female,25,ZA,black,Black,desktop
155883,2025-05-06T12:01:11Z,female,24,ZA,black,Black,laptop
155884,2025-05-06T11:53:53Z,female,45,HU,white,White,desktop
155885,2025-05-06T11:55:34Z,female,32,ZA,black,Black,desktop
155887,2025-05-06T12:05:34Z,male,51,ZA,black,Black,phone
155888,2025-05-06T12:06:21Z,male,34,ZA,black african,Black,phone
155891,2025-05-06T12:03:42Z,male,27,ZA,african,Black,desktop
155898,2025-05-06T14:00:41Z,male,32,PL,white,White,desktop
155899,2025-05-06T13:50:03Z,male,38,GB,asia,Asian,laptop
155900,2025-05-06T13:55:03Z,male,54,GB,asian,Asian,laptop
155901,2025-05-06T13:52:25Z,female,29,DE,white,White,laptop
155902,2025-05-06T13:49:50Z,male,37,GB,white,White,laptop
155903,2025-05-06T13:47:43Z,male,24,CZ,white,White,desktop
155904,2025-05-06T13:55:08Z,female,31,DK,white slavic,White,desktop
155905,2025-05-06T14:06:52Z,female,35,US,hispanic,Latine,laptop
155907,2025-05-06T13:49:55Z,male,21,PT,caucasian,White,laptop
155908,2025-05-06T13:48:28Z,female,49,DE,caucasian,White,laptop
155909,2025-05-06T13:51:38Z,male,24,DE,arab,MENA,laptop
155910,2025-05-06T14:00:15Z,male,53,GB,white,White,desktop
155911,2025-05-06T13:53:49Z,male,30,PT,caucasian,White,desktop
155912,2025-05-06T14:05:58Z,male,43,US,black,Black,laptop
155913,2025-05-06T13:50:09Z,male,30,IE,caucasian,White,laptop
155914,2025-05-06T13:51:03Z,male,51,CA,white,White,desktop
155915,2025-05-06T13:50:24Z,female,28,CA,black,Black,laptop
155916,2025-05-06T13:49:09Z,male,26,DE,caucasian,White,desktop
155917,2025-05-06T13:57:45Z,female,24,PT,white,White,desktop
155918,2025-05-06T14:02:19Z,female,23,ZA,black,Black,desktop
155919,2025-05-06T13:57:24Z,male,35,GB,white,White,laptop
155920,2025-05-06T13:51:15Z,female,19,GB,white british,White,laptop
155921,2025-05-06T13:50:40Z,female,50,GB,white,White,laptop
155922,2025-05-06T13:59:29Z,male,30,ES,caucasian,White,phone
155923,2025-05-06T13:56:02Z,female,33,US,african american,Black,laptop
155924,2025-05-06T13:55:31Z,male,34,FR,white,White,desktop
155925,2025-05-06T13:55:50Z,male,28,ZA,black,Black,phone
155926,2025-05-06T13:51:35Z,male,34,US,white,White,desktop
155928,2025-05-06T13:54:59Z,female,52,SE,white,White,laptop
155929,2025-05-06T13:54:53Z,male,42,US,black,Black,laptop
155931,2025-05-06T13:53:03Z,male,38,GB,white/caucasian,White,desktop
155932,2025-05-06T13:55:54Z,female,23,GB,mixed,Mixed,phone
155933,2025-05-06T13:53:40Z,male,25,US,black,Black,laptop
155934,2025-05-06T13:53:33Z,female,57,US,white,White,phone
155936,2025-05-06T13:52:25Z,male,53,GB,white,White,desktop
155937,2025-05-06T13:51:44Z,male,49,GB,black,Black,laptop
155938,2025-05-06T13:49:48Z,male,26,FR,white,White,laptop
155939,2025-05-06T13:51:44Z,female,21,ZA,cape coloured,Mixed,desktop
155940,2025-05-06T13:51:55Z,female,27,ZA,black,Black,phone
155941,2025-05-06T13:53:33Z,male,27,IT,white,White,desktop
155942,2025-05-06T14:05:03Z,male,39,CA,white,White,desktop
155943,2025-05-06T13:58:40Z,male,30,IN,asian,Asian,laptop
155944,2025-05-06T13:53:57Z,male,29,PL,white,White,laptop
155945,2025-05-06T13:51:21Z,male,41,MX,latino,Latine,tablet
155946,2025-05-06T13:57:31Z,male,29,ES,white,White,desktop
155947,2025-05-06T13:52:11Z,male,44,CA,caucasian,White,desktop
155948,2025-05-06T13:53:17Z,male,30,GB,white british caucasian,White,phone
155949,2025-05-06T13:53:59Z,female,44,ZA,black/african,Black,laptop
155950,2025-05-06T13:57:23Z,female,27,ZA,african/black,Black,desktop
155951,2025-05-06T13:55:17Z,male,24,GB,british pakistani,Asian,desktop
155952,2025-05-06T13:51:29Z,male,28,PL,white,White,desktop
155953,2025-05-06T13:54:10Z,male,45,GB,british,White,phone
155954,2025-05-06T13:52:40Z,female,27,ZA,black,Black,laptop
155955,2025-05-06T14:17:07Z,male,34,FR,white caucasian,White,desktop
155956,2025-05-06T14:02:48Z,male,46,IE,white,White,desktop
155957,2025-05-06T13:53:10Z,female,28,US,black american,Black,laptop
155958,2025-05-06T13:50:21Z,female,25,DE,white,White,desktop
155960,2025-05-06T13:56:53Z,male,33,ZA,african,Black,phone
155961,2025-05-06T13:54:42Z,male,20,US,white,White,laptop
155962,2025-05-06T13:52:27Z,male,26,US,white,White,laptop
155963,2025-05-06T13:58:43Z,male,67,US,white,White,laptop
155964,2025-05-06T13:55:00Z,male,27,GB,black,Black,laptop
155965,2025-05-06T14:05:44Z,female,21,ZA,black,Black,tablet
155966,2025-05-06T13:54:20Z,female,55,ZA,mixed,Mixed,phone
155967,2025-05-06T14:11:51Z,female,25,ZA,african,Black,tablet
155970,2025-05-06T13:56:41Z,female,34,CA,caucasian,White,laptop
155972,2025-05-06T13:52:36Z,male,29,PL,white,White,desktop
155973,2025-05-06T14:00:14Z,female,18,ZA,black,Black,phone
155974,2025-05-06T13:53:05Z,non-binary,28,IT,caucasian,White,desktop
155975,2025-05-06T13:51:39Z,female,41,US,white,White,laptop
155976,2025-05-06T13:57:36Z,male,45,ZA,black,Black,laptop
155977,2025-05-06T13:57:03Z,male,32,ES,spanish-white,White,desktop
155979,2025-05-06T14:13:32Z,female,44,ZA,black,Black,laptop
155980,2025-05-06T13:54:41Z,female,47,HU,white,White,desktop
155982,2025-05-06T13:54:48Z,female,51,GB,white/british,White,laptop
155983,2025-05-06T14:02:15Z,male,21,KE,black,Black,phone
155984,2025-05-06T13:54:18Z,female,29,US,white,White,desktop
155985,2025-05-06T13:57:29Z,male,35,GB,white,White,laptop
155986,2025-05-06T14:04:52Z,male,29,FI,white / caucasian,White,laptop
155988,2025-05-06T14:00:43Z,male,18,ZA,black,Black,laptop
155990,2025-05-06T14:01:50Z,female,39,ZA,black,Black,phone
155991,2025-05-06T14:08:42Z,female,30,ZA,african,Black,phone
155992,2025-05-06T14:02:23Z,female,26,KE,african,Black,phone
155996,2025-05-06T14:01:12Z,male,24,ZA,black,Black,laptop
155997,2025-05-06T13:59:01Z,female,42,ZA,black,Black,laptop
155999,2025-05-06T14:16:38Z,female,26,ZA,black,Black,desktop
156000,2025-05-06T14:04:01Z,female,24,ZA,black,Black,phone
156003,2025-05-06T14:05:18Z,male,52,ZA,african,Black,laptop
156004,2025-05-06T14:04:05Z,female,23,ZA,african,Black,phone
156005,2025-05-06T14:10:08Z,female,38,ZA,black,Black,laptop
156006,2025-05-06T14:02:23Z,male,27,ZA,black african,Black,phone
156008,2025-05-06T14:01:12Z,female,23,LV,white,White,laptop
156009,2025-05-06T14:20:40Z,male,48,US,black,Black,desktop
156010,2025-05-06T14:01:51Z,female,21,ZA,black,Black,phone
156012,2025-05-06T14:03:40Z,male,39,ZA,black,Black,laptop
156013,2025-05-06T14:06:51Z,female,31,ZA,white,White,phone
156016,2025-05-06T14:13:56Z,male,31,ZA,black/african,Black,desktop
156017,2025-05-06T14:06:27Z,male,48,GR,white,White,desktop
156018,2025-05-06T14:02:01Z,female,24,ZA,black,Black,laptop
156019,2025-05-06T14:09:04Z,male,24,ZA,black,Black,desktop
156020,2025-05-06T14:02:26Z,male,74,ZA,black,Black,desktop
156021,2025-05-06T14:03:27Z,female,50,GB,mixed race,Mixed,laptop
156022,2025-05-06T14:11:55Z,male,19,ZA,black,Black,desktop
156023,2025-05-06T14:07:34Z,female,24,ZA,black,Black,phone
156024,2025-05-06T14:09:20Z,female,34,ZA,black,Black,tablet
156025,2025-05-06T14:05:01Z,male,24,ZA,black,Black,laptop
156026,2025-05-06T14:11:32Z,male,55,ZA,african,Black,phone
156027,2025-05-06T13:58:46Z,male,39,GB,africa,Black,tablet
156028,2025-05-06T14:06:34Z,female,36,ZA,black,Black,phone
156029,2025-05-06T14:05:31Z,male,31,ZA,african,Black,laptop
156031,2025-05-06T14:54:34Z,male,30,ZA,black,Black,laptop
156032,2025-05-06T14:06:13Z,female,39,ZA,black,Black,phone
156033,2025-05-06T14:04:59Z,male,29,ZA,black,Black,laptop
156035,2025-05-06T14:10:00Z,female,70,GB,white british,White,laptop
156037,2025-05-06T14:04:23Z,female,51,ZA,black,Black,phone
156038,2025-05-06T14:09:35Z,male,30,ZA,black,Black,tablet
156040,2025-05-06T14:03:59Z,male,29,ZA,african,Black,laptop
156041,2025-05-06T14:01:51Z,female,26,ZA,black,Black,desktop
156042,2025-05-06T14:04:10Z,female,52,ZA,black,Black,phone
156043,2025-05-06T14:03:44Z,female,24,KE,black,Black,phone
156044,2025-05-06T14:08:53Z,male,27,ZA,black,Black,laptop
156045,2025-05-06T14:11:52Z,female,54,ZA,black,Black,phone
156046,2025-05-06T14:12:48Z,female,54,ZA,mixed,Mixed,desktop
156047,2025-05-06T14:08:59Z,female,36,ZA,black,Black,laptop
156048,2025-05-06T14:04:40Z,female,64,US,white,White,desktop
156049,2025-05-06T14:07:45Z,female,37,ZA,black,Black,phone
156051,2025-05-06T14:09:23Z,female,27,ZA,african/black,Black,phone
156052,2025-05-06T14:05:45Z,female,65,ZA,black,Black,phone
156053,2025-05-06T14:09:21Z,male,22,ZA,colored,Black,laptop
156054,2025-05-06T14:17:52Z,male,26,ZA,black,Black,desktop
156055,2025-05-06T14:10:46Z,female,64,GR,white,White,laptop
156056,2025-05-06T14:10:04Z,female,41,ZA,black,Black,phone
156059,2025-05-06T14:13:44Z,male,40,ZA,black,Black,desktop
156060,2025-05-06T14:19:07Z,male,26,KE,kenyan,Black,laptop
156061,2025-05-06T14:13:32Z,female,31,US,white,White,desktop
156062,2025-05-06T14:10:36Z,female,27,ZA,black,Black,desktop
156063,2025-05-06T14:09:47Z,male,28,ZA,african,Black,phone
156064,2025-05-06T14:12:01Z,male,23,PT,caucasian,White,desktop
156066,2025-05-06T14:12:07Z,male,33,GB,white,White,laptop
156068,2025-05-06T14:11:58Z,male,36,ZA,black,Black,desktop
156069,2025-05-06T14:15:19Z,male,22,ZA,black african,Black,phone
156070,2025-05-06T14:20:47Z,male,24,ZA,black,Black,desktop
156072,2025-05-06T14:25:56Z,male,31,ES,caucasian,White,desktop
156074,2025-05-06T14:19:18Z,female,27,ZA,african,Black,desktop
156075,2025-05-06T14:16:35Z,male,22,ZA,black,Black,phone
156076,2025-05-06T14:26:48Z,female,28,ZA,black,Black,phone
156077,2025-05-06T14:10:58Z,male,54,ZA,black,Black,laptop
156078,2025-05-06T14:12:48Z,female,28,ZA,black,Black,laptop
156079,2025-05-06T14:19:40Z,male,31,ZA,black,Black,phone
156081,2025-05-06T14:10:08Z,male,27,GB,mixed black caribbean and white,Mixed,laptop
156083,2025-05-06T14:14:15Z,male,54,GB,black,Black,laptop
156084,2025-05-06T14:14:50Z,female,35,ZA,black,Black,laptop
156085,2025-05-06T14:16:59Z,male,18,ZA,black,Black,phone
156086,2025-05-06T14:25:42Z,female,25,ZA,black,Black,laptop
156087,2025-05-06T14:24:37Z,female,54,ZA,black,Black,desktop
156088,2025-05-06T14:17:01Z,female,21,ZA,black,Black,phone
156089,2025-05-06T14:17:39Z,female,74,US,white,White,laptop
156091,2025-05-06T14:25:41Z,female,27,LV,white,White,laptop
156093,2025-05-06T14:19:37Z,female,36,ZA,black,Black,laptop
156094,2025-05-06T14:18:07Z,male,22,ZA,black,Black,laptop
156095,2025-05-06T14:18:34Z,male,31,ZA,black,Black,laptop
156096,2025-05-06T14:14:30Z,female,27,ZA,white,White,laptop
156097,2025-05-06T14:16:49Z,female,40,ZA,black,Black,phone
156098,2025-05-06T14:18:06Z,female,41,ZA,black,Black,phone
156099,2025-05-06T14:25:27Z,female,60,CA,caucasian,White,tablet
156100,2025-05-06T14:24:20Z,male,33,ZA,black,Black,desktop
156101,2025-05-06T14:21:48Z,male,26,ZA,african,Black,phone
156102,2025-05-06T14:19:27Z,male,20,ZA,black,Black,desktop
156103,2025-05-06T14:19:49Z,male,41,ZA,black,Black,laptop
156104,2025-05-06T14:15:34Z,male,35,ZA,african,Black,tablet
156105,2025-05-06T14:13:32Z,female,34,PL,white,White,phone
156106,2025-05-06T14:23:16Z,female,24,ZA,black,Black,desktop
156107,2025-05-06T14:19:59Z,male,26,ZA,black,Black,phone
156108,2025-05-06T14:21:01Z,female,27,ZA,african,Black,phone
156110,2025-05-06T14:16:50Z,male,64,GB,white,White,laptop
156112,2025-05-06T14:34:23Z,male,41,ZA,black,Black,phone
156113,2025-05-06T14:16:20Z,male,58,CA,caucasian,White,laptop
156114,2025-05-06T14:20:21Z,female,54,ZA,white,White,desktop
156115,2025-05-06T14:19:54Z,female,35,ZA,black,Black,laptop
156117,2025-05-06T14:23:29Z,male,51,ZA,black,Black,laptop
156118,2025-05-06T14:22:21Z,male,20,ZA,african,Black,laptop
156119,2025-05-06T14:21:26Z,male,67,ZA,coloured,Black,laptop
156121,2025-05-06T14:19:12Z,female,33,ZA,black,Black,desktop
156122,2025-05-06T14:30:36Z,male,21,MA,arab,MENA,desktop
156123,2025-05-06T14:20:28Z,male,55,CA,white,White,desktop
156125,2025-05-06T14:29:02Z,female,62,ZA,mixed,Mixed,desktop
156127,2025-05-06T14:23:20Z,male,48,ZA,black,Black,laptop
156128,2025-05-06T14:26:05Z,female,65,ZA,black,Black,desktop
156129,2025-05-06T14:26:00Z,female,33,GB,african,Black,laptop
156131,2025-05-06T14:29:31Z,male,66,ZA,black african,Black,tablet
156132,2025-05-06T14:22:01Z,male,27,ZA,black,Black,tablet
156133,2025-05-06T14:32:29Z,female,41,ZA,black,Black,laptop
156134,2025-05-06T14:28:58Z,female,40,US,white,White,laptop
156135,2025-05-06T14:21:25Z,female,25,PL,white,White,laptop
156136,2025-05-06T14:22:07Z,male,47,GB,white,White,laptop
156138,2025-05-06T14:28:29Z,male,25,ZA,black,Black,phone
156139,2025-05-06T14:26:03Z,male,23,ZA,black,Black,desktop
156140,2025-05-06T14:34:35Z,male,25,KE,black,Black,laptop
156141,2025-05-06T14:22:19Z,female,23,ZA,african,Black,phone
156143,2025-05-06T14:26:15Z,male,30,ZA,black,Black,phone
156144,2025-05-06T14:20:38Z,female,18,ZA,african,Black,laptop
156146,2025-05-06T14:30:07Z,male,27,ZA,african,Black,phone
156147,2025-05-06T14:53:15Z,female,37,ZA,african,Black,laptop
156149,2025-05-06T14:23:11Z,female,33,ZA,coloured,Black,phone
156150,2025-05-06T14:26:55Z,female,58,US,white,White,phone
156151,2025-05-06T14:22:50Z,male,26,ZA,black,Black,laptop
156152,2025-05-06T14:26:03Z,male,57,ZA,african,Black,laptop
156153,2025-05-06T14:36:28Z,male,30,KE,african,Black,desktop
156154,2025-05-06T14:23:19Z,female,27,ZA,black,Black,desktop
156155,2025-05-06T14:30:51Z,female,68,ZA,black,Black,phone
156156,2025-05-06T14:30:36Z,female,40,GB,black,Black,laptop
156157,2025-05-06T14:38:00Z,male,23,GB,black british,Black,laptop
156158,2025-05-06T14:22:56Z,male,53,IE,white,White,desktop
156159,2025-05-06T14:26:32Z,male,31,ZA,mixed race,Mixed,desktop
156160,2025-05-06T14:30:54Z,female,61,GB,white british,White,tablet
156161,2025-05-06T14:24:39Z,female,24,ZA,black,Black,laptop
156162,2025-05-06T14:33:34Z,female,27,ZA,black,Black,phone
156163,2025-05-06T14:22:41Z,male,28,ZA,african,Black,phone
156164,2025-05-06T14:32:52Z,male,34,ZA,black,Black,phone
156165,2025-05-06T14:27:56Z,female,20,ZA,black,Black,phone
156166,2025-05-06T14:26:20Z,male,51,ZA,black,Black,phone
156171,2025-05-06T14:42:52Z,male,18,GB,black,Black,laptop
156172,2025-05-06T14:28:01Z,female,32,ZA,black,Black,phone
156173,2025-05-06T14:30:57Z,female,50,ZA,black,Black,phone
156174,2025-05-06T14:28:58Z,male,44,ZA,black,Black,phone
156175,2025-05-06T14:28:21Z,female,59,ZA,black,Black,phone
156176,2025-05-06T14:34:45Z,male,29,ZA,black,Black,laptop
156177,2025-05-06T14:37:30Z,female,26,ZA,black,Black,desktop
156179,2025-05-06T14:44:48Z,female,38,ZA,african,Black,phone
156180,2025-05-06T14:35:49Z,male,36,GB,black,Black,laptop
156182,2025-05-06T14:35:42Z,female,26,US,white,White,laptop
156183,2025-05-06T14:32:46Z,female,24,ZA,black,Black,laptop
156184,2025-05-06T14:33:01Z,female,65,ZA,african,Black,phone
156185,2025-05-06T14:31:52Z,female,21,ZA,black,Black,laptop
156186,2025-05-06T14:37:36Z,male,34,ZA,black,Black,desktop
156187,2025-05-06T14:34:31Z,female,44,ZA,black,Black,laptop
156188,2025-05-06T14:34:31Z,male,22,ZA,black,Black,laptop
156189,2025-05-06T14:40:50Z,male,29,ZA,black,Black,phone
156190,2025-05-06T14:30:35Z,female,32,ZA,coloured,Black,laptop
156191,2025-05-06T14:48:35Z,female,28,ZA,black,Black,phone
156192,2025-05-06T14:32:44Z,female,20,ZA,black,Black,phone
156193,2025-05-06T14:32:15Z,male,32,SI,white,White,laptop
156195,2025-05-06T14:35:13Z,female,30,ZA,black,Black,phone
156196,2025-05-06T14:39:22Z,male,28,ZA,black,Black,tablet
156198,2025-05-06T14:32:52Z,male,31,GB,white,White,laptop
156201,2025-05-06T14:36:02Z,male,42,PL,white,White,desktop
156202,2025-05-06T14:31:56Z,male,25,ZA,black,Black,desktop
156203,2025-05-06T14:33:20Z,male,25,GB,black,Black,laptop
156204,2025-05-06T14:41:24Z,male,22,ZA,black/african,Black,laptop
156206,2025-05-06T14:36:35Z,male,30,US,caucasian,White,laptop
156207,2025-05-06T14:42:11Z,male,29,GB,white,White,laptop
156208,2025-05-06T14:42:40Z,female,20,GB,black,Black,laptop
156210,2025-05-06T14:41:18Z,female,35,ZA,indian,Asian,desktop
156211,2025-05-06T14:41:37Z,female,26,ZA,african,Black,desktop
156212,2025-05-06T14:42:33Z,male,44,GB,white,White,desktop
156214,2025-05-06T14:32:13Z,male,47,ZA,black,Black,phone
156215,2025-05-06T14:42:49Z,male,60,GB,white,White,phone
156216,2025-05-06T14:43:12Z,male,37,GB,white - british,White,laptop
156218,2025-05-06T14:39:32Z,male,31,ZA,black,Black,laptop
156220,2025-05-06T14:51:24Z,male,27,GB,black,Black,laptop
156221,2025-05-06T14:45:37Z,female,42,ZA,black,Black,phone
156222,2025-05-06T14:39:54Z,male,19,ZA,black/african,Black,laptop
156224,2025-05-06T14:56:37Z,male,27,ZA,black,Black,laptop
156225,2025-05-06T14:48:25Z,female,30,ZA,black,Black,laptop
156226,2025-05-06T14:50:11Z,male,22,ZA,black,Black,phone
156228,2025-05-06T14:38:28Z,female,32,ZA,black,Black,phone
156229,2025-05-06T14:42:55Z,male,24,KE,black: african american,Black,laptop
156233,2025-05-06T14:46:29Z,male,43,ZA,black,Black,laptop
156234,2025-05-06T14:41:26Z,female,21,ZA,black,Black,laptop
156235,2025-05-06T14:44:48Z,female,50,ZA,black,Black,desktop
156236,2025-05-06T14:38:38Z,female,26,ZA,black,Black,phone
156237,2025-05-06T14:43:39Z,female,35,ZA,black,Black,phone
156238,2025-05-06T14:53:48Z,male,26,ZA,black,Black,laptop
156240,2025-05-06T14:46:44Z,female,24,US,white,White,desktop
156241,2025-05-06T14:43:39Z,female,49,ZA,black,Black,phone
156242,2025-05-06T14:37:51Z,female,47,ZA,african,Black,phone
156247,2025-05-06T14:46:42Z,female,25,ZA,black,Black,desktop
156248,2025-05-06T14:45:15Z,female,24,DE,white european,White,desktop
156251,2025-05-06T14:56:58Z,female,26,ZA,black,Black,phone
156252,2025-05-06T14:40:16Z,male,39,GB,white,White,laptop
156253,2025-05-06T14:52:29Z,male,31,ZA,african,Black,phone
156254,2025-05-06T14:42:27Z,male,37,ZA,black,Black,phone
156255,2025-05-06T14:42:33Z,male,40,ZA,african,Black,desktop
156256,2025-05-06T15:02:01Z,male,32,ZA,black,Black,phone
156258,2025-05-06T15:08:13Z,male,47,ZA,black,Black,phone
156260,2025-05-06T14:39:43Z,female,37,ZA,black,Black,phone
156261,2025-05-06T14:47:42Z,female,23,ZA,black,Black,phone
156262,2025-05-06T15:07:14Z,male,30,CA,caucasian,White,desktop
156263,2025-05-06T14:50:05Z,male,45,BR,white,White,laptop
156264,2025-05-06T14:45:57Z,male,23,ZA,black,Black,desktop
156266,2025-05-06T14:48:07Z,female,65,US,white,White,desktop
156267,2025-05-06T15:12:48Z,male,23,ZA,black,Black,laptop
156268,2025-05-06T14:59:14Z,female,35,ZA,black,Black,laptop
156269,2025-05-06T15:05:33Z,male,40,ZA,black,Black,laptop
156270,2025-05-06T14:43:02Z,male,20,PL,white,White,desktop
156273,2025-05-06T14:49:49Z,female,26,ZA,black,Black,laptop
156274,2025-05-06T14:49:37Z,female,50,US,caucasian,White,phone
156277,2025-05-06T14:47:30Z,male,31,ZA,black,Black,tablet
156280,2025-05-06T14:52:42Z,male,29,PL,white,White,desktop
156281,2025-05-06T14:46:51Z,male,30,ZA,african,Black,phone
156283,2025-05-06T14:56:27Z,female,44,ZA,african,Black,phone
156285,2025-05-06T14:52:00Z,female,32,ZA,black,Black,phone
156286,2025-05-06T14:52:17Z,female,56,ZA,black,Black,phone
156287,2025-05-06T14:49:09Z,male,27,PT,caucasian,White,desktop
156289,2025-05-06T14:54:27Z,female,24,ZA,black,Black,phone
156291,2025-05-06T14:55:15Z,female,50,ZA,black,Black,phone
156292,2025-05-06T14:51:02Z,female,46,ZA,mixed,Mixed,phone
156293,2025-05-06T14:50:50Z,female,65,US,white,White,desktop
156295,2025-05-06T14:55:24Z,female,24,ZA,african,Black,laptop
156298,2025-05-06T14:51:12Z,male,24,CN,asian,Asian,laptop
156299,2025-05-06T14:53:22Z,female,58,ZA,african,Black,tablet
156300,2025-05-06T14:54:05Z,female,37,ZA,black,Black,tablet
156301,2025-05-06T14:51:37Z,female,54,GR,greek,White,desktop
156302,2025-05-06T14:51:46Z,male,19,GB,welsh,White,desktop
156303,2025-05-06T14:53:11Z,female,56,ZA,black,Black,laptop
156304,2025-05-06T14:49:45Z,male,47,ZA,black,Black,phone
156305,2025-05-06T14:51:22Z,female,75,GB,white,White,desktop
156306,2025-05-06T14:56:05Z,female,30,ZA,black,Black,phone
156307,2025-05-06T14:49:09Z,female,60,ZA,black,Black,desktop
156308,2025-05-06T14:54:09Z,male,30,ZA,black,Black,laptop
156309,2025-05-06T15:11:02Z,male,61,PT,white,White,desktop
156310,2025-05-06T14:59:05Z,female,39,ZA,black,Black,phone
156312,2025-05-06T15:00:00Z,female,23,ZA,black,Black,phone
156313,2025-05-06T14:55:13Z,female,28,ZA,black,Black,desktop
156314,2025-05-06T14:52:55Z,male,52,PT,caucasian,White,desktop
156317,2025-05-06T14:54:04Z,male,32,ZA,asian,Asian,laptop
156318,2025-05-06T14:53:15Z,female,23,ZA,black,Black,desktop
156319,2025-05-06T14:56:26Z,male,20,ZA,hispanic,Latine,desktop
156320,2025-05-06T14:56:04Z,female,53,ZA,african,Black,desktop
156322,2025-05-06T15:00:55Z,male,29,ZA,black,Black,desktop
156324,2025-05-06T15:14:50Z,female,57,ZA,black,Black,phone
156327,2025-05-06T15:03:04Z,male,39,GB,white,White,phone
156328,2025-05-06T15:19:01Z,female,26,ZA,black,Black,phone
156329,2025-05-06T14:55:57Z,male,28,ZA,black,Black,phone
156330,2025-05-06T15:16:06Z,male,55,GB,white,White,laptop
156331,2025-05-06T15:00:42Z,female,25,ZA,black,Black,desktop
156332,2025-05-06T14:57:54Z,male,40,US,white,White,laptop
156333,2025-05-06T14:57:18Z,male,27,ZA,black,Black,laptop
156334,2025-05-06T15:06:15Z,male,32,ZA,black,Black,tablet
156335,2025-05-06T14:54:53Z,female,26,ZA,black,Black,laptop
156337,2025-05-06T15:49:58Z,male,35,ES,white,White,laptop
156338,2025-05-06T15:00:14Z,male,33,US,caucasian,White,desktop
156339,2025-05-06T15:14:41Z,male,30,ZA,black,Black,phone
156341,2025-05-06T15:05:13Z,male,23,ZA,black,Black,laptop
156342,2025-05-06T15:17:25Z,female,22,ZA,black,Black,desktop
156343,2025-05-06T15:05:31Z,male,34,US,white,White,desktop
156344,2025-05-06T14:56:07Z,male,19,ES,spanish,White,desktop
156346,2025-05-06T15:07:12Z,male,34,ZA,black,Black,laptop
156347,2025-05-06T14:58:47Z,female,21,ZA,black,Black,laptop
156348,2025-05-06T15:06:45Z,female,24,PT,white,White,desktop
156349,2025-05-06T15:07:18Z,male,26,ZA,african,Black,phone
156350,2025-05-06T14:55:33Z,male,38,GB,asian,Asian,laptop
156352,2025-05-06T15:09:08Z,female,59,ZA,african,Black,laptop
156353,2025-05-06T15:11:20Z,female,31,ZA,black,Black,laptop
156354,2025-05-06T15:20:57Z,male,58,ZA,black,Black,laptop
156356,2025-05-06T15:10:39Z,female,36,ZA,black,Black,phone
156357,2025-05-06T15:17:50Z,male,32,ZA,black,Black,laptop
156358,2025-05-06T15:01:11Z,female,43,ZA,black,Black,phone
156359,2025-05-06T15:00:40Z,male,27,ZA,black,Black,desktop
156360,2025-05-06T15:00:31Z,male,28,ZA,black,Black,laptop
156361,2025-05-06T15:07:57Z,female,29,ZA,black,Black,laptop
156362,2025-05-06T15:05:32Z,male,33,ZA,black,Black,phone
156363,2025-05-06T15:08:06Z,male,26,ZA,black,Black,phone
156364,2025-05-06T15:01:16Z,female,24,ZA,black,Black,phone
156365,2025-05-06T15:06:38Z,male,22,ZA,black,Black,laptop
156366,2025-05-06T15:03:08Z,female,23,US,white,White,laptop
156367,2025-05-06T15:02:06Z,female,30,ZA,black,Black,phone
156368,2025-05-06T14:58:22Z,female,30,ZA,black,Black,phone
156369,2025-05-06T15:01:26Z,male,26,ZA,black,Black,phone
156370,2025-05-06T15:02:54Z,female,20,ZA,black,Black,phone
156371,2025-05-06T15:02:42Z,female,28,ZA,white,White,desktop
156372,2025-05-06T15:04:52Z,male,29,PL,white,White,desktop
156375,2025-05-06T15:01:59Z,female,32,ZA,black,Black,tablet
156376,2025-05-06T15:01:06Z,male,28,ZA,black,Black,tablet
156377,2025-05-06T15:07:13Z,female,27,ZA,black,Black,laptop
156378,2025-05-06T14:59:52Z,female,32,GB,white british,White,laptop
156379,2025-05-06T15:03:41Z,male,25,US,white,White,laptop
156380,2025-05-06T15:08:17Z,male,19,ZA,black,Black,desktop
156381,2025-05-06T15:16:12Z,male,21,ZA,black,Black,laptop
156382,2025-05-06T15:09:34Z,female,54,ZA,black,Black,desktop
156383,2025-05-06T15:06:22Z,male,39,GB,white,White,laptop
156384,2025-05-06T15:04:02Z,male,30,ZA,black,Black,desktop
156385,2025-05-06T15:19:00Z,male,31,ZA,black,Black,phone
156386,2025-05-06T15:05:01Z,male,26,ZA,black,Black,phone
156387,2025-05-06T15:10:53Z,female,50,ZA,african,Black,phone
156388,2025-05-06T15:06:21Z,female,30,KE,black,Black,phone
156389,2025-05-06T15:03:13Z,female,31,ZA,black,Black,phone
156390,2025-05-06T15:06:25Z,female,33,ZA,black,Black,phone
156392,2025-05-06T15:11:33Z,male,23,KE,black,Black,phone
156393,2025-05-06T15:01:51Z,male,44,IT,white,White,desktop
156394,2025-05-06T15:13:27Z,male,24,US,white,White,laptop
156395,2025-05-06T15:05:38Z,female,29,ZA,black african,Black,phone
156397,2025-05-06T15:13:39Z,male,65,ZA,african,Black,phone
156398,2025-05-06T15:13:01Z,female,31,ZA,black,Black,phone
156399,2025-05-06T15:04:34Z,non-binary,32,ZA,black african,Black,phone
156400,2025-05-06T15:09:31Z,male,36,ZA,black,Black,desktop
156401,2025-05-06T15:08:09Z,male,43,DE,weiß,White,desktop
156402,2025-05-06T15:16:54Z,female,26,ZA,black,Black,laptop
156403,2025-05-06T15:10:22Z,male,22,GB,black,Black,laptop
156404,2025-05-06T15:07:37Z,male,73,US,american,Ambiguous label,laptop
156405,2025-05-06T15:12:32Z,female,19,GR,white/greek,White,laptop
156407,2025-05-06T15:08:45Z,male,65,ZA,black,Black,laptop
156408,2025-05-06T15:14:01Z,female,24,ZA,black,Black,phone
156409,2025-05-06T15:19:26Z,male,27,ZA,black,Black,phone
156410,2025-05-06T15:20:03Z,male,41,ZA,black,Black,laptop
156411,2025-05-06T15:16:25Z,male,28,ZA,black,Black,desktop
156412,2025-05-06T15:23:53Z,male,18,GB,black,Black,laptop
156413,2025-05-06T15:16:21Z,female,27,ZA,black african,Black,phone
156415,2025-05-06T15:08:11Z,male,32,GB,white,White,desktop
156416,2025-05-06T15:18:44Z,female,22,ZA,black,Black,phone
156417,2025-05-06T15:13:46Z,male,51,GB,asian,Asian,desktop
156418,2025-05-06T15:12:51Z,female,38,ZA,black,Black,laptop
156421,2025-05-06T15:17:19Z,female,32,ZA,black,Black,phone
156422,2025-05-06T15:18:50Z,female,44,ZA,black,Black,phone
156423,2025-05-06T15:20:45Z,male,25,KE,african,Black,laptop
156424,2025-05-06T15:44:14Z,male,45,ZA,black,Black,laptop
156425,2025-05-06T15:09:22Z,male,32,PL,white,White,laptop
156426,2025-05-06T15:12:52Z,female,36,ZA,indian,Asian,phone
156427,2025-05-06T15:09:04Z,male,28,CA,south asian,Asian,phone
156428,2025-05-06T15:12:43Z,male,27,DE,caucasian,White,desktop
156429,2025-05-06T15:14:18Z,male,22,ZA,black,Black,phone
156430,2025-05-06T15:17:56Z,male,55,ZA,asian,Asian,laptop
156431,2025-05-06T15:18:53Z,male,48,ZA,black,Black,phone
156432,2025-05-06T15:22:46Z,female,44,ZA,black,Black,desktop
156434,2025-05-06T15:14:26Z,female,35,GB,black/africa,Black,laptop
156435,2025-05-06T15:17:50Z,female,28,ZA,black,Black,phone
156436,2025-05-06T15:13:53Z,female,33,PL,whitr,White,phone
156437,2025-05-06T15:15:59Z,female,23,ZA,black african,Black,phone
156439,2025-05-06T15:24:32Z,male,34,ZA,black,Black,tablet
156440,2025-05-06T15:16:01Z,female,33,ZA,black,Black,phone
156442,2025-05-06T15:21:51Z,female,25,KE,black,Black,laptop
156444,2025-05-06T15:38:48Z,male,31,ZA,black,Black,phone
156446,2025-05-06T15:21:08Z,female,31,ZA,black,Black,desktop
156448,2025-05-06T15:39:59Z,female,23,ZA,black,Black,laptop
156450,2025-05-06T15:33:34Z,female,50,US,black,Black,desktop
156452,2025-05-06T15:23:06Z,male,41,PT,caucasian,White,phone
156453,2025-05-06T15:16:23Z,male,57,IE,white,White,laptop
156454,2025-05-06T15:14:28Z,male,37,US,japanese,Asian,desktop
156455,2025-05-06T15:19:50Z,male,27,DE,caucasian,White,desktop
156456,2025-05-06T15:20:41Z,female,26,ZA,black,Black,phone
156457,2025-05-06T15:21:45Z,male,29,ZA,black,Black,desktop
156458,2025-05-06T15:19:06Z,female,30,ZA,black,Black,laptop
156459,2025-05-06T15:30:47Z,male,48,US,white,White,desktop
156460,2025-05-06T15:24:34Z,non-binary,69,ES,white,White,laptop
156461,2025-05-06T15:32:20Z,male,26,ZA,african,Black,desktop
156462,2025-05-06T15:20:44Z,male,41,KE,african,Black,laptop
156463,2025-05-06T15:21:55Z,female,32,ZA,black,Black,laptop
156464,2025-05-06T15:20:14Z,male,25,ZA,black,Black,phone
156466,2025-05-06T15:27:38Z,male,34,GB,asian,Asian,laptop
156467,2025-05-06T15:38:00Z,male,31,GB,black/africa,Black,laptop
156468,2025-05-06T15:29:57Z,female,72,US,white,White,laptop
156469,2025-05-06T15:24:24Z,female,23,ZA,black,Black,laptop
156470,2025-05-06T15:16:54Z,female,55,US,black,Black,desktop
156471,2025-05-06T15:22:53Z,female,23,ZA,black,Black,phone
156473,2025-05-06T15:24:28Z,male,58,ZA,african,Black,phone
156475,2025-05-06T15:24:23Z,male,25,GB,black african,Black,laptop
156476,2025-05-06T15:18:37Z,male,30,ZA,black,Black,phone
156477,2025-05-06T15:28:07Z,female,25,ZA,black,Black,phone
156482,2025-05-06T15:20:55Z,male,25,ZA,black,Black,laptop
156483,2025-05-06T15:20:08Z,male,23,ZA,black,Black,laptop
156484,2025-05-06T15:27:04Z,female,28,ZA,black,Black,phone
156485,2025-05-06T15:22:04Z,female,30,ZA,black,Black,phone
156487,2025-05-06T15:31:43Z,male,21,ZA,black,Black,phone
156489,2025-05-06T15:44:09Z,female,22,ZA,black,Black,laptop
156490,2025-05-06T15:38:53Z,female,25,ZA,african black,Black,desktop
156492,2025-05-06T15:27:45Z,male,28,ZA,african,Black,phone
156495,2025-05-06T15:29:54Z,male,34,ZA,black,Black,tablet
156496,2025-05-06T15:27:49Z,female,39,ZA,black,Black,desktop
156498,2025-05-06T15:24:04Z,female,52,ZA,black,Black,desktop
156499,2025-05-06T15:31:26Z,male,35,GB,african,Black,laptop
156500,2025-05-06T15:25:25Z,male,45,ZA,african,Black,phone
156501,2025-05-06T15:27:47Z,male,19,ZA,black,Black,laptop
156502,2025-05-06T15:39:52Z,female,31,ZA,black,Black,phone
156503,2025-05-06T15:35:06Z,male,24,ZA,black,Black,desktop
156504,2025-05-06T15:34:15Z,female,32,US,african american,Black,laptop
156507,2025-05-06T15:24:26Z,male,22,GB,pakistani,Asian,laptop
156508,2025-05-06T15:23:49Z,female,32,ZA,black,Black,phone
156509,2025-05-06T15:29:12Z,male,34,ZA,black,Black,phone
156512,2025-05-06T15:31:03Z,male,25,GB,black,Black,laptop
156513,2025-05-06T15:23:33Z,male,21,IN,indo-aryan,Asian,laptop
156514,2025-05-06T15:41:24Z,male,43,GB,black,Black,desktop
156516,2025-05-06T15:26:19Z,male,39,GR,caucasian,White,phone
156517,2025-05-06T15:27:01Z,male,41,US,white,White,laptop
156521,2025-05-06T15:31:19Z,female,20,ZA,black,Black,desktop
156524,2025-05-06T15:27:23Z,male,60,GB,white,White,laptop
156527,2025-05-06T15:28:55Z,female,62,ZA,black,Black,phone
156528,2025-05-06T15:33:05Z,female,24,PT,white,White,desktop
156529,2025-05-06T15:25:35Z,male,52,CA,white,White,laptop
156530,2025-05-06T15:30:46Z,female,32,GB,black,Black,laptop
156532,2025-05-06T15:28:15Z,male,20,GB,white,White,phone
156534,2025-05-06T15:40:27Z,male,28,ZA,black,Black,phone
156537,2025-05-06T15:36:40Z,male,59,ZA,black,Black,phone
156538,2025-05-06T15:37:13Z,male,49,US,caucasian,White,desktop
156539,2025-05-06T15:34:33Z,female,32,ZA,black,Black,phone
156540,2025-05-06T15:31:11Z,female,24,ZA,black,Black,laptop
156542,2025-05-06T15:33:22Z,female,32,ZA,african,Black,phone
156543,2025-05-06T15:28:28Z,male,41,US,native hawaiian,Indigenous / Pacific Islander,phone
156544,2025-05-06T15:31:56Z,male,24,KE,african,Black,laptop
156545,2025-05-06T15:49:05Z,female,19,ZA,black,Black,desktop
156546,2025-05-06T15:49:40Z,male,26,ZA,black,Black,desktop
156547,2025-05-06T15:28:57Z,male,52,HU,white,White,laptop
156548,2025-05-06T15:52:59Z,female,61,ZA,black,Black,desktop
156549,2025-05-06T15:31:37Z,female,26,ZA,black,Black,tablet
156550,2025-05-06T15:31:40Z,female,27,ZA,black,Black,phone
156551,2025-05-06T15:29:34Z,female,60,ZA,black,Black,tablet
156552,2025-05-06T15:32:20Z,female,69,ZA,black,Black,laptop
156553,2025-05-06T15:30:35Z,female,24,ZA,black,Black,phone
156554,2025-05-06T15:55:41Z,female,36,US,white,White,desktop
156555,2025-05-06T15:37:01Z,male,35,ZA,black,Black,laptop
156556,2025-05-06T15:44:13Z,male,25,US,black american,Black,desktop
156557,2025-05-06T15:33:03Z,female,20,ZA,black,Black,phone
156558,2025-05-06T15:48:52Z,male,30,ES,white,White,desktop
156559,2025-05-06T15:40:08Z,male,56,ZA,black,Black,phone
156560,2025-05-06T15:40:13Z,male,24,ZA,black,Black,laptop
156561,2025-05-06T15:37:39Z,female,21,ZA,black,Black,phone
156562,2025-05-06T15:36:25Z,female,25,ZA,black,Black,phone
156563,2025-05-06T15:32:14Z,female,58,US,caucasian,White,desktop
156564,2025-05-06T15:45:07Z,female,51,ZA,black,Black,phone
156566,2025-05-06T15:32:07Z,male,28,PT,white,White,desktop
156567,2025-05-06T15:33:22Z,male,22,GB,black,Black,laptop
156568,2025-05-06T15:36:28Z,female,50,US,white,White,laptop
156569,2025-05-06T15:37:04Z,female,40,PL,white,White,laptop
156570,2025-05-06T15:41:14Z,female,34,ZA,black,Black,laptop
156571,2025-05-06T15:42:07Z,male,23,ZA,black,Black,laptop
156572,2025-05-06T15:37:10Z,female,34,ZA,black,Black,phone
156573,2025-05-06T15:35:07Z,female,31,ZA,african,Black,desktop
156574,2025-05-06T15:38:26Z,female,57,GB,white,White,laptop
156577,2025-05-06T15:57:39Z,female,26,ZA,black,Black,laptop
156579,2025-05-06T15:40:07Z,female,45,IE,white,White,laptop
156580,2025-05-06T15:51:48Z,male,34,GB,white,White,desktop
156581,2025-05-06T15:38:50Z,male,36,GB,white,White,desktop
156582,2025-05-06T15:46:45Z,female,24,ZA,black,Black,phone
156584,2025-05-06T15:40:38Z,female,36,ZA,black,Black,laptop
156585,2025-05-06T15:41:46Z,female,33,ZA,black,Black,phone
156586,2025-05-06T15:46:39Z,male,31,ZA,african,Black,phone
156587,2025-05-06T15:49:44Z,female,49,ZA,black,Black,phone
156588,2025-05-06T15:40:41Z,male,26,IT,black,Black,laptop
156589,2025-05-06T15:42:26Z,female,20,ZA,african,Black,desktop
156590,2025-05-06T15:49:51Z,female,39,ZA,black,Black,tablet
156591,2025-05-06T15:51:34Z,male,26,KE,black,Black,phone
156592,2025-05-06T15:39:58Z,female,25,ZA,black,Black,phone
156593,2025-05-06T15:42:18Z,male,33,DE,caucasian,White,desktop
156594,2025-05-06T15:43:50Z,female,25,ZA,african,Black,laptop
156595,2025-05-06T15:51:47Z,female,37,ZA,black,Black,desktop
156596,2025-05-06T15:44:46Z,male,60,ZA,african,Black,phone
156597,2025-05-06T15:46:07Z,female,27,GB,british,White,desktop
156598,2025-05-06T15:43:03Z,male,32,ZA,black,Black,phone
156599,2025-05-06T15:42:02Z,female,20,CZ,white,White,desktop
156601,2025-05-06T15:43:08Z,female,33,ZA,black,Black,phone
156603,2025-05-06T15:48:46Z,male,60,CZ,white,White,desktop
156604,2025-05-06T15:42:19Z,male,33,ZA,african,Black,phone
156605,2025-05-06T15:39:11Z,female,51,ZA,black,Black,phone
156606,2025-05-06T15:51:20Z,female,24,ZA,african,Black,desktop
156607,2025-05-06T15:56:51Z,female,27,ZA,black,Black,desktop
156608,2025-05-06T15:41:47Z,female,55,GR,white,White,laptop
156609,2025-05-06T15:42:15Z,male,25,ES,hispanic,Latine,desktop
156611,2025-05-06T15:57:22Z,male,27,GB,black,Black,laptop
156612,2025-05-06T15:41:00Z,female,31,ZA,asian,Asian,phone
156614,2025-05-06T15:46:42Z,male,45,IT,white,White,laptop
156615,2025-05-06T15:44:54Z,male,37,GB,black,Black,laptop
156616,2025-05-06T15:43:03Z,male,56,GB,white british,White,desktop
156617,2025-05-06T15:43:10Z,male,32,ZA,black,Black,desktop
156621,2025-05-06T15:49:33Z,male,30,PL,white,White,phone
156622,2025-05-06T15:42:21Z,male,64,US,white,White,laptop
156624,2025-05-06T15:49:22Z,female,34,ES,hispanic,Latine,desktop
156626,2025-05-06T15:48:00Z,female,37,ZA,black,Black,laptop
156629,2025-05-06T15:50:48Z,male,35,ZA,black,Black,laptop
156631,2025-05-06T15:46:35Z,female,26,ZA,black,Black,desktop
156632,2025-05-06T15:56:51Z,female,32,ZA,black,Black,phone
156633,2025-05-06T15:48:04Z,male,24,GB,black,Black,laptop
156634,2025-05-06T15:49:47Z,female,33,GB,black,Black,laptop
156635,2025-05-06T15:54:37Z,male,51,GB,british,White,desktop
156637,2025-05-06T15:48:04Z,female,41,ZA,black,Black,phone
156638,2025-05-06T15:56:19Z,male,24,ZA,black,Black,laptop
156640,2025-05-06T15:58:07Z,female,22,ZA,black african,Black,phone
156641,2025-05-06T16:01:57Z,female,29,ZA,black,Black,tablet
156643,2025-05-06T15:49:36Z,female,50,ZA,white,White,laptop
156644,2025-05-06T15:52:04Z,female,51,ZA,black,Black,phone
156646,2025-05-06T15:56:30Z,female,35,ZA,black,Black,desktop
156647,2025-05-06T15:49:49Z,male,48,GR,greek,White,desktop
156648,2025-05-06T15:46:01Z,male,26,ZA,african,Black,phone
156650,2025-05-06T15:53:10Z,female,38,ZA,black,Black,tablet
156652,2025-05-06T16:00:35Z,male,22,PL,polish,White,desktop
156654,2025-05-06T15:47:13Z,female,28,ZA,african,Black,desktop
156655,2025-05-06T16:03:15Z,female,55,ZA,black,Black,laptop
156656,2025-05-06T15:58:19Z,male,24,ZA,black,Black,phone
156657,2025-05-06T15:55:14Z,male,28,BR,white,White,desktop
156658,2025-05-06T15:46:55Z,female,26,GB,white british,White,phone
156659,2025-05-06T16:08:18Z,male,27,GB,black,Black,laptop
156661,2025-05-06T15:54:29Z,male,37,PT,white,White,desktop
156662,2025-05-06T15:49:39Z,female,64,CA,white,White,laptop
156664,2025-05-06T15:51:44Z,male,33,IT,white,White,desktop
156665,2025-05-06T15:55:36Z,female,22,ZA,black,Black,laptop
156667,2025-05-06T15:51:48Z,male,63,ZA,black african,Black,phone
156668,2025-05-06T15:51:53Z,male,24,PT,caucasian,White,desktop
156669,2025-05-06T16:26:40Z,female,29,ZA,black,Black,phone
156671,2025-05-06T15:51:05Z,female,28,GB,white,White,desktop
156672,2025-05-06T15:54:48Z,male,58,ZA,white,White,desktop
156673,2025-05-06T15:53:41Z,male,26,ZA,black,Black,desktop
156674,2025-05-06T15:57:01Z,male,37,GB,caucasian,White,laptop
156676,2025-05-06T15:55:30Z,female,25,ZA,african,Black,phone
156677,2025-05-06T15:58:00Z,female,30,ZA,black,Black,laptop
156678,2025-05-06T15:50:10Z,male,27,BR,brazilian,Latine,desktop
156679,2025-05-06T15:56:15Z,male,53,GB,white british,White,laptop
156680,2025-05-06T15:57:17Z,male,36,ZA,black,Black,laptop
156681,2025-05-06T15:55:54Z,male,34,ZA,black,Black,phone
156682,2025-05-06T16:09:04Z,female,33,ZA,black,Black,phone
156683,2025-05-06T15:53:11Z,male,21,ZA,black,Black,laptop
156685,2025-05-06T15:55:29Z,male,30,PL,white/caucasian,White,laptop
156686,2025-05-06T15:53:42Z,female,50,ZA,black,Black,desktop
156687,2025-05-06T15:53:42Z,male,23,PL,white european,White,desktop
156688,2025-05-06T16:10:17Z,female,39,ZA,black,Black,desktop
156689,2025-05-06T15:54:49Z,female,20,ZA,african,Black,laptop
156691,2025-05-06T15:57:18Z,female,26,ZA,black,Black,phone
156692,2025-05-06T15:58:17Z,female,69,ZA,indian,Asian,phone
156693,2025-05-06T15:56:53Z,female,36,ZA,black,Black,desktop
156694,2025-05-06T16:09:44Z,male,30,ZA,black,Black,laptop
156695,2025-05-06T15:59:49Z,female,34,ZA,african,Black,phone
156696,2025-05-06T16:00:40Z,male,22,GB,black,Black,desktop
156697,2025-05-06T15:54:09Z,male,40,ZA,black,Black,phone
156698,2025-05-06T16:01:04Z,female,22,KZ,eastern european,White,laptop
156699,2025-05-06T16:06:36Z,female,37,ZA,black,Black,laptop
156700,2025-05-06T15:59:33Z,female,34,ZA,black,Black,phone
156701,2025-05-06T16:02:54Z,female,31,ZA,black,Black,phone
156703,2025-05-06T15:59:49Z,male,28,ZA,black,Black,laptop
156704,2025-05-06T15:56:32Z,male,30,GR,white,White,laptop
156705,2025-05-06T16:06:22Z,male,26,ZA,black,Black,laptop
156706,2025-05-06T16:04:45Z,male,33,ZA,mixed race,Mixed,desktop
156707,2025-05-06T16:00:39Z,female,41,DE,white,White,desktop
156708,2025-05-06T15:56:54Z,male,52,ZA,black,Black,laptop
156709,2025-05-06T15:57:53Z,female,27,GB,british,White,laptop
156710,2025-05-06T16:02:08Z,female,51,ZA,black,Black,desktop
156711,2025-05-06T16:03:13Z,female,43,ZA,black,Black,phone
156713,2025-05-06T16:02:10Z,female,60,ZA,black,Black,tablet
156714,2025-05-06T16:03:51Z,male,31,ZA,black,Black,laptop
156715,2025-05-06T16:05:32Z,female,30,ZA,black,Black,laptop
156716,2025-05-06T16:07:35Z,female,41,GB,caucasian,White,laptop
156717,2025-05-06T15:59:05Z,male,41,GB,black african,Black,laptop
156718,2025-05-06T16:00:59Z,female,25,GB,black,Black,laptop
156720,2025-05-06T16:11:29Z,female,59,ZA,black,Black,phone
156721,2025-05-06T16:07:09Z,male,74,US,white,White,laptop
156722,2025-05-06T16:03:02Z,female,42,ZA,black,Black,phone
156723,2025-05-06T16:02:52Z,male,26,GB,british asian american,Ambiguous label,desktop
156724,2025-05-06T16:08:37Z,male,41,IN,indian,Asian,laptop
156725,2025-05-06T16:31:05Z,male,23,ZA,christian,Ambiguous label,phone
156726,2025-05-06T16:14:18Z,female,39,ZA,black,Black,laptop
156727,2025-05-06T16:14:10Z,female,28,ZA,african,Black,desktop
156728,2025-05-06T16:06:35Z,male,38,ZA,black,Black,phone
156730,2025-05-06T16:04:36Z,female,29,ZA,black,Black,phone
156731,2025-05-06T16:00:57Z,female,22,US,white,White,desktop
156732,2025-05-06T16:09:01Z,male,28,GB,black,Black,laptop
156733,2025-05-06T16:01:52Z,male,67,SE,white,White,laptop
156734,2025-05-06T16:09:12Z,male,37,SE,white,White,laptop
156735,2025-05-06T16:08:55Z,female,22,ZA,black,Black,laptop
156736,2025-05-06T16:01:56Z,female,27,ZA,black,Black,desktop
156737,2025-05-06T16:20:33Z,female,45,ZA,black,Black,desktop
156738,2025-05-06T16:18:19Z,male,50,GB,white,White,desktop
156739,2025-05-06T16:04:13Z,male,21,GB,white,White,desktop
156740,2025-05-06T16:04:51Z,female,52,ZA,african,Black,laptop
156741,2025-05-06T16:08:14Z,female,23,PL,white/polish,White,laptop
156742,2025-05-06T16:01:53Z,female,34,ZA,black,Black,desktop
156743,2025-05-06T16:05:24Z,male,47,HU,white,White,desktop
156744,2025-05-06T16:13:28Z,male,30,PT,white,White,desktop
156745,2025-05-06T16:05:06Z,female,20,ZA,black,Black,desktop
156746,2025-05-06T16:11:29Z,female,28,ZA,black,Black,laptop
156747,2025-05-06T16:09:39Z,female,34,GR,greek,White,desktop
156748,2025-05-06T16:13:22Z,male,23,ZA,african,Black,laptop
156749,2025-05-06T16:06:31Z,male,52,IT,white,White,phone
156750,2025-05-06T16:03:22Z,male,23,ZA,african,Black,laptop
156751,2025-05-06T16:03:50Z,female,27,CA,chinese,Asian,laptop
156752,2025-05-06T16:00:37Z,female,35,ES,white,White,phone
156753,2025-05-06T16:14:09Z,female,34,ZA,african,Black,phone
156754,2025-05-06T16:21:25Z,male,20,ZA,black,Black,phone
156755,2025-05-06T16:07:22Z,female,44,PL,white,White,laptop
156757,2025-05-06T16:08:11Z,female,64,GB,british,White,desktop
156758,2025-05-06T16:05:32Z,female,23,ZA,african,Black,phone
156759,2025-05-06T16:05:05Z,male,33,US,white,White,desktop
156761,2025-05-06T16:11:52Z,male,28,GB,white - british,White,laptop
156763,2025-05-06T16:15:17Z,male,27,IT,caucasian,White,desktop
156764,2025-05-06T16:12:28Z,female,35,ZA,african,Black,phone
156765,2025-05-06T16:24:37Z,male,20,ZA,black,Black,phone
156766,2025-05-06T16:09:01Z,male,30,GB,black,Black,laptop
156767,2025-05-06T16:12:01Z,male,58,ZA,black,Black,laptop
156768,2025-05-06T16:08:39Z,male,45,ZA,black,Black,phone
156769,2025-05-06T16:15:32Z,female,30,ZA,black,Black,phone
156770,2025-05-06T16:08:10Z,male,42,DE,white/caucasian,White,laptop
156771,2025-05-06T16:10:34Z,male,47,IT,caucasic,White,desktop
156772,2025-05-06T16:27:46Z,female,23,ZA,african,Black,phone
156773,2025-05-06T16:10:50Z,male,37,US,asian,Asian,desktop
156774,2025-05-06T16:07:26Z,male,37,CA,caucasian,White,desktop
156775,2025-05-06T16:14:49Z,female,43,ZA,black,Black,laptop
156776,2025-05-06T16:10:41Z,female,66,IT,white,White,laptop
156777,2025-05-06T16:10:50Z,male,50,GB,white british,White,desktop
156778,2025-05-06T16:12:51Z,male,24,ZA,black,Black,laptop
156779,2025-05-06T16:25:18Z,female,26,ZA,black,Black,phone
156780,2025-05-06T16:16:12Z,female,61,US,white,White,desktop
156782,2025-05-06T16:23:18Z,male,20,ZA,black,Black,laptop
156783,2025-05-06T16:14:26Z,male,19,ZA,black,Black,phone
156784,2025-05-06T16:12:31Z,female,22,ZA,black,Black,phone
156785,2025-05-06T16:12:18Z,female,30,ZA,black,Black,phone
156786,2025-05-06T16:16:03Z,female,25,ZA,black,Black,phone
156787,2025-05-06T16:14:32Z,male,32,US,white,White,laptop
156788,2025-05-06T16:15:19Z,female,35,ZA,coloured / mixed race,Mixed,desktop
156789,2025-05-06T16:23:20Z,female,54,ZA,black,Black,phone
156790,2025-05-06T16:16:34Z,female,49,ZA,black african,Black,laptop
156791,2025-05-06T16:15:33Z,male,23,PL,white,White,desktop
156792,2025-05-06T16:21:36Z,male,23,ZA,black,Black,laptop
156793,2025-05-06T16:15:38Z,female,22,ZA,black,Black,desktop
156794,2025-05-06T16:20:49Z,female,26,ZA,black,Black,phone
156795,2025-05-06T16:21:04Z,female,25,IN,asian,Asian,laptop
156796,2025-05-06T16:17:00Z,female,20,ZA,black,Black,laptop
156797,2025-05-06T16:18:59Z,male,36,GB,black,Black,laptop
156798,2025-05-06T16:16:17Z,female,32,AT,white,White,laptop
156800,2025-05-06T16:22:59Z,male,23,ZA,black,Black,laptop
156801,2025-05-06T16:19:58Z,male,67,ZA,black,Black,desktop
156803,2025-05-06T16:15:40Z,male,50,US,white,White,desktop
156804,2025-05-06T16:16:37Z,female,37,ZA,black,Black,laptop
156805,2025-05-06T16:27:04Z,female,55,ZA,white,White,phone
156807,2025-05-06T16:24:38Z,male,35,PL,white,White,laptop
156808,2025-05-06T16:12:03Z,female,31,ZA,african,Black,phone
156810,2025-05-06T16:12:26Z,male,55,ZA,black,Black,phone
156811,2025-05-06T16:22:58Z,male,54,GB,white european,White,laptop
156812,2025-05-06T16:15:42Z,male,19,DE,white/european,White,desktop
156813,2025-05-06T16:13:11Z,male,45,US,caucasian,White,desktop
156814,2025-05-06T16:23:31Z,female,42,ZA,black,Black,phone
156817,2025-05-06T16:21:03Z,male,60,CA,caucasian,White,desktop
156818,2025-05-06T16:22:05Z,female,43,FR,mixed,Mixed,laptop
156819,2025-05-06T16:21:16Z,male,25,ZA,black,Black,phone
156821,2025-05-06T16:17:39Z,female,50,ZA,black,Black,laptop
156822,2025-05-06T16:28:07Z,female,20,ZA,african,Black,desktop
156824,2025-05-06T16:37:15Z,female,20,ZA,african,Black,phone
156826,2025-05-06T16:46:41Z,male,26,ZA,black,Black,desktop
156827,2025-05-06T16:20:37Z,female,35,ZA,black,Black,phone
156829,2025-05-06T16:20:32Z,female,45,ZA,white,White,laptop
156830,2025-05-06T16:32:41Z,female,22,ZA,black,Black,laptop
156831,2025-05-06T16:26:07Z,female,29,ZA,black,Black,laptop
156833,2025-05-06T16:26:56Z,female,56,ZA,black,Black,phone
156837,2025-05-06T16:23:59Z,female,67,ZA,coloured south african,Black,laptop
156838,2025-05-06T16:28:54Z,female,44,CA,caucasian,White,laptop
156840,2025-05-06T16:22:03Z,male,62,GB,caucasian,White,laptop
156841,2025-05-06T16:24:22Z,female,24,ZA,black,Black,desktop
156842,2025-05-06T16:33:55Z,female,50,ZA,black,Black,phone
156843,2025-05-06T16:26:42Z,male,32,ZA,black,Black,phone
156844,2025-05-06T16:23:28Z,male,26,GB,black,Black,laptop
156846,2025-05-06T16:31:27Z,female,43,ZA,black,Black,tablet
156847,2025-05-06T16:22:45Z,male,59,US,white,White,laptop
156848,2025-05-06T16:42:06Z,male,26,GB,arab,MENA,laptop
156849,2025-05-06T16:22:15Z,female,28,PL,white,White,desktop
156850,2025-05-06T16:21:07Z,male,29,GB,white,White,desktop
156851,2025-05-06T16:27:38Z,female,24,ZA,black/african,Black,desktop
156853,2025-05-06T16:22:04Z,male,31,GB,white,White,laptop
156854,2025-05-06T16:30:30Z,female,26,ZA,black,Black,phone
156855,2025-05-06T16:25:27Z,male,29,GB,black,Black,laptop
156856,2025-05-06T16:25:05Z,female,53,ZA,black,Black,phone
156857,2025-05-06T16:30:00Z,female,36,ZA,african,Black,tablet
156859,2025-05-06T16:21:59Z,male,38,CL,latino,Latine,phone
156860,2025-05-06T16:24:33Z,female,30,ZA,black,Black,laptop
156861,2025-05-06T16:23:24Z,male,27,PT,caucasian,White,laptop
156862,2025-05-06T16:24:54Z,male,21,PL,white,White,desktop
156863,2025-05-06T16:40:19Z,male,39,AU,chinese/uk,Ambiguous label,laptop
156864,2025-05-06T16:23:56Z,male,42,GB,scottish,White,laptop
156865,2025-05-06T16:26:43Z,male,23,MX,latino,Latine,desktop
156867,2025-05-06T16:27:13Z,male,24,ZA,black,Black,phone
156868,2025-05-06T16:25:54Z,female,60,ZA,black,Black,phone
156869,2025-05-06T16:38:57Z,female,74,ZA,black african,Black,phone
156870,2025-05-06T16:31:49Z,female,35,DE,asian,Asian,laptop
156872,2025-05-06T16:45:40Z,female,37,ZA,black,Black,desktop
156873,2025-05-06T16:26:10Z,female,67,US,white,White,laptop
156874,2025-05-06T16:34:22Z,female,23,ZA,african,Black,tablet
156875,2025-05-06T16:28:53Z,male,26,GR,greek,White,laptop
156876,2025-05-06T16:32:09Z,male,37,CA,white,White,desktop
156877,2025-05-06T16:24:15Z,male,55,GB,white,White,phone
156878,2025-05-06T16:32:52Z,female,21,ZA,black,Black,laptop
156880,2025-05-06T16:34:12Z,female,31,ZA,african,Black,laptop
156881,2025-05-06T16:30:39Z,female,60,ZA,black,Black,phone
156883,2025-05-06T16:27:56Z,female,31,ZA,black,Black,phone
156884,2025-05-06T16:41:24Z,female,33,ZA,african,Black,laptop
156885,2025-05-06T16:27:40Z,female,24,ZA,black,Black,phone
156887,2025-05-06T16:35:04Z,female,47,ZA,black,Black,phone
156888,2025-05-06T16:30:31Z,female,30,ZA,black,Black,laptop
156889,2025-05-06T17:18:16Z,female,26,GB,african,Black,laptop
156890,2025-05-06T16:25:18Z,female,29,ZA,african,Black,phone
156891,2025-05-06T16:53:27Z,male,22,ZA,black,Black,laptop
156892,2025-05-06T16:29:21Z,female,64,ZA,coloured,Black,desktop
156894,2025-05-06T16:33:16Z,male,41,PL,african,Black,phone
156895,2025-05-06T16:40:39Z,female,36,GB,mixed,Mixed,laptop
156897,2025-05-06T16:29:41Z,male,46,GB,south asian,Asian,laptop
156898,2025-05-06T16:33:55Z,male,50,US,white,White,desktop
156899,2025-05-06T16:39:03Z,female,25,ZA,african,Black,laptop
156900,2025-05-06T16:29:57Z,female,46,GB,white british,White,laptop
156901,2025-05-06T16:29:25Z,male,29,GB,white british,White,laptop
156902,2025-05-06T16:31:42Z,male,46,GB,white british,White,laptop
156903,2025-05-06T16:42:01Z,female,31,ZA,black,Black,laptop
156904,2025-05-06T16:29:06Z,female,24,ZA,black,Black,desktop
156905,2025-05-06T16:32:20Z,male,53,ES,caucasic,White,desktop
156907,2025-05-06T16:34:33Z,male,37,GB,white,White,laptop
156908,2025-05-06T16:39:02Z,male,39,ZA,black,Black,desktop
156909,2025-05-06T16:53:53Z,male,48,NL,white / caucasian,White,laptop
156910,2025-05-06T16:36:41Z,male,24,ZA,african,Black,desktop
156911,2025-05-06T16:54:11Z,female,27,ZA,black,Black,phone
156912,2025-05-06T16:45:48Z,male,22,PT,white,White,desktop
156913,2025-05-06T16:33:16Z,female,30,EE,white,White,laptop
156914,2025-05-06T16:33:19Z,male,37,CL,latino,Latine,phone
156916,2025-05-06T16:36:52Z,female,47,CA,white,White,laptop
156917,2025-05-06T16:32:04Z,male,32,ZA,black,Black,laptop
156918,2025-05-06T16:48:10Z,female,24,ZA,african,Black,phone
156920,2025-05-06T16:44:23Z,female,49,ZA,black,Black,laptop
156921,2025-05-06T16:33:37Z,female,66,GB,british,White,laptop
156922,2025-05-06T16:36:15Z,female,24,ZA,black,Black,phone
156923,2025-05-06T16:35:05Z,female,20,ZA,black,Black,desktop
156925,2025-05-06T16:34:37Z,male,20,ZA,african,Black,laptop
156926,2025-05-06T16:32:00Z,male,31,US,white,White,desktop
156927,2025-05-06T16:42:15Z,male,36,US,white,White,desktop
156928,2025-05-06T16:41:22Z,female,47,ZA,indian,Asian,laptop
156929,2025-05-06T16:36:09Z,female,26,PT,white,White,laptop
156930,2025-05-06T16:47:03Z,male,47,US,white,White,laptop
156931,2025-05-06T16:35:12Z,female,36,ZA,black,Black,laptop
156932,2025-05-06T16:40:34Z,male,39,ZA,black,Black,laptop
156933,2025-05-06T16:34:47Z,male,33,US,black,Black,laptop
156934,2025-05-06T16:35:38Z,male,49,ES,white/caucasian,White,desktop
156935,2025-05-06T16:36:54Z,female,28,ZA,black,Black,phone
156936,2025-05-06T16:47:01Z,female,61,ZA,black,Black,laptop
156940,2025-05-06T16:35:03Z,male,46,US,caucasian,White,desktop
156941,2025-05-06T16:45:06Z,female,19,ZA,black,Black,laptop
156942,2025-05-06T16:34:27Z,male,55,FR,white,White,desktop
156943,2025-05-06T16:52:50Z,male,25,ZA,african,Black,laptop
156944,2025-05-06T16:40:59Z,female,34,ZA,black,Black,phone
156945,2025-05-06T16:39:33Z,female,23,ZA,black,Black,desktop
156946,2025-05-06T16:43:07Z,male,22,HR,white/caucasian,White,desktop
156947,2025-05-06T16:40:41Z,male,47,GB,asian,Asian,laptop
156949,2025-05-06T16:36:23Z,female,41,CA,east asian,Asian,desktop
156950,2025-05-06T16:39:10Z,male,50,GB,chinese,Asian,desktop
156952,2025-05-06T16:42:16Z,female,30,ZA,black,Black,laptop
156953,2025-05-06T16:36:19Z,female,26,ZA,black,Black,laptop
156954,2025-05-06T16:49:46Z,male,25,ZA,black,Black,laptop
156955,2025-05-06T16:39:52Z,male,33,GB,british - indian,Asian,phone
156956,2025-05-06T16:41:44Z,female,67,ZA,white,White,desktop
156958,2025-05-06T16:37:28Z,female,25,ZA,black,Black,laptop
156959,2025-05-06T16:42:45Z,male,40,US,asian,Asian,laptop
156961,2025-05-06T16:38:54Z,female,22,ES,asian,Asian,phone
156962,2025-05-06T16:41:46Z,male,41,US,black,Black,desktop
156963,2025-05-06T16:46:04Z,female,37,ZA,black,Black,laptop
156965,2025-05-06T16:38:01Z,male,33,CL,white,White,laptop
156967,2025-05-06T16:40:33Z,female,23,ZA,african,Black,phone
156968,2025-05-06T16:51:06Z,male,51,US,african american,Black,desktop
156969,2025-05-06T16:43:07Z,male,41,US,white,White,laptop
156970,2025-05-06T16:48:10Z,female,46,IN,asian/indian,Asian,laptop
156971,2025-05-06T16:52:35Z,female,42,ZA,black,Black,laptop
156972,2025-05-06T16:56:08Z,male,27,MX,latino,Latine,desktop
156973,2025-05-06T16:42:59Z,male,56,GB,white,White,desktop
156974,2025-05-06T16:41:41Z,female,20,ZA,black,Black,phone
156976,2025-05-06T16:41:04Z,female,29,ZA,black,Black,phone
156977,2025-05-06T16:47:41Z,male,23,PT,white,White,desktop
156979,2025-05-06T17:00:10Z,female,65,ZA,black,Black,phone
156980,2025-05-06T16:46:36Z,male,46,US,white / puerto rican,Mixed,desktop
156981,2025-05-06T16:47:09Z,male,46,ZA,black,Black,desktop
156982,2025-05-06T16:47:20Z,male,34,KE,black,Black,laptop
156984,2025-05-06T16:40:48Z,male,38,GB,caucasian,White,phone
156985,2025-05-06T16:47:33Z,female,22,DZ,white,White,laptop
156986,2025-05-06T16:55:33Z,female,74,US,white,White,laptop
156987,2025-05-06T16:44:36Z,male,36,ZA,black,Black,phone
156988,2025-05-06T16:48:26Z,female,58,GB,black african,Black,laptop
156989,2025-05-06T16:45:37Z,male,18,GB,black,Black,laptop
156990,2025-05-06T16:51:39Z,female,20,ZA,black,Black,phone
156991,2025-05-06T16:47:47Z,female,36,ZA,black,Black,phone
156992,2025-05-06T16:42:16Z,female,48,GB,indian,Asian,tablet
156993,2025-05-06T16:46:21Z,male,35,ZA,black,Black,laptop
156994,2025-05-06T16:46:00Z,male,72,US,black,Black,laptop
156995,2025-05-06T16:47:34Z,female,34,GB,black,Black,laptop
156996,2025-05-06T16:54:48Z,male,28,ZA,black,Black,phone
156997,2025-05-06T16:49:32Z,male,26,HR,caucasian,White,phone
156998,2025-05-06T16:44:40Z,female,28,ZA,black,Black,desktop
156999,2025-05-06T16:46:18Z,female,57,ZA,black,Black,phone
157001,2025-05-06T16:46:55Z,female,41,ZA,black,Black,desktop
157002,2025-05-06T16:51:55Z,female,40,ZA,black,Black,phone
157003,2025-05-06T16:44:13Z,female,24,PT,caucasian,White,desktop
157004,2025-05-06T16:47:03Z,female,30,IT,white/italian,White,desktop
157005,2025-05-06T16:52:33Z,male,23,ZA,african,Black,phone
157008,2025-05-06T16:57:23Z,male,27,ZA,black,Black,phone
157009,2025-05-06T16:54:51Z,male,45,MX,latino,Latine,desktop
157010,2025-05-06T16:53:48Z,male,24,ZA,african,Black,laptop
157011,2025-05-06T16:54:08Z,male,38,GB,african,Black,laptop
157013,2025-05-06T17:06:43Z,female,20,ZA,african,Black,phone
157014,2025-05-06T17:01:53Z,male,54,ZA,coloured,Black,phone
157018,2025-05-06T16:50:24Z,male,61,IE,irish,White,laptop
157019,2025-05-06T16:50:45Z,male,26,US,white,White,laptop
157020,2025-05-06T16:49:33Z,female,26,US,white,White,phone
157021,2025-05-06T17:06:25Z,female,45,ZA,black,Black,desktop
157023,2025-05-06T16:50:23Z,male,27,US,white,White,desktop
157024,2025-05-06T16:50:40Z,male,36,GB,africa/black,Black,laptop
157027,2025-05-06T16:51:00Z,female,60,GB,white,White,laptop
157028,2025-05-06T17:01:25Z,male,55,HU,white,White,desktop
157030,2025-05-06T16:50:34Z,male,44,GB,white,White,laptop
157031,2025-05-06T16:58:02Z,female,23,KE,black,Black,phone
157035,2025-05-06T16:52:14Z,female,25,ZA,black,Black,phone
157036,2025-05-06T16:52:40Z,male,41,US,white,White,laptop
157037,2025-05-06T16:51:33Z,female,58,GB,white,White,laptop
157039,2025-05-06T16:54:32Z,male,28,GB,black,Black,laptop
157040,2025-05-06T16:54:07Z,female,60,US,white,White,laptop
157041,2025-05-06T17:15:46Z,female,48,US,african american,Black,laptop
157042,2025-05-06T16:50:47Z,female,33,GB,english,White,phone
157045,2025-05-06T16:57:51Z,female,52,ZA,black,Black,phone
157046,2025-05-06T16:53:41Z,male,24,NL,white/caucasian,White,laptop
157048,2025-05-06T17:01:53Z,female,62,ZA,white,White,phone
157049,2025-05-06T16:54:45Z,male,22,PL,polish/white,White,desktop
157050,2025-05-06T16:55:51Z,female,28,PT,white,White,laptop
157051,2025-05-06T17:02:15Z,female,44,US,white,White,phone
157052,2025-05-06T16:55:57Z,male,32,IT,caucasian,White,desktop
157053,2025-05-06T17:00:36Z,female,20,ZA,christianity,Ambiguous label,phone
157054,2025-05-06T16:53:44Z,male,53,GB,white,White,laptop
157055,2025-05-06T16:59:29Z,female,25,ZA,african,Black,phone
157056,2025-05-06T16:54:45Z,male,25,ZA,black,Black,laptop
157057,2025-05-06T16:55:30Z,male,21,ZA,black,Black,desktop
157058,2025-05-06T17:11:35Z,female,22,KE,black,Black,phone
157059,2025-05-06T17:03:30Z,female,25,ZA,black,Black,desktop
157060,2025-05-06T16:59:11Z,male,58,GB,asian,Asian,laptop
157061,2025-05-06T17:00:11Z,male,19,NL,asian,Asian,desktop
157062,2025-05-06T17:12:05Z,female,62,GB,white british,White,laptop
157063,2025-05-06T17:03:29Z,male,28,ZA,black,Black,tablet
157064,2025-05-06T16:53:29Z,male,47,PT,white,White,phone
157065,2025-05-06T16:55:34Z,male,19,ZA,black,Black,desktop
157066,2025-05-06T16:59:14Z,female,50,GB,white,White,laptop
157067,2025-05-06T16:58:34Z,male,24,ES,spanish/white,White,desktop
157069,2025-05-06T17:01:25Z,male,54,US,white,White,laptop
157070,2025-05-06T16:59:57Z,female,48,GB,white british,White,laptop
157071,2025-05-06T17:03:46Z,male,29,PT,white/caucasian,White,desktop
157072,2025-05-06T16:54:00Z,male,32,GB,black/african,Black,laptop
157073,2025-05-06T17:04:29Z,male,31,GB,white,White,desktop
157074,2025-05-06T16:58:16Z,male,52,US,white,White,desktop
157075,2025-05-06T17:03:31Z,female,26,ZA,black,Black,laptop
157076,2025-05-06T17:26:23Z,male,34,US,african american,Black,laptop
157077,2025-05-06T17:08:26Z,male,32,ZA,black,Black,laptop
157078,2025-05-06T17:04:58Z,male,57,US,white,White,desktop
157079,2025-05-06T17:04:49Z,male,28,IT,white,White,desktop
157080,2025-05-06T17:07:38Z,female,59,GB,white,White,laptop
157081,2025-05-06T17:07:46Z,female,39,ZA,black,Black,laptop
157082,2025-05-06T17:04:19Z,male,28,GB,black,Black,desktop
157083,2025-05-06T17:03:26Z,female,50,PT,caucasian,White,laptop
157085,2025-05-06T17:03:32Z,male,75,GB,caucasian,White,laptop
157086,2025-05-06T17:04:36Z,male,22,ZA,black,Black,laptop
157087,2025-05-06T17:14:19Z,female,24,GB,african,Black,laptop
157088,2025-05-06T17:08:46Z,male,64,GB,eurasian,Ambiguous label,laptop
157089,2025-05-06T17:02:17Z,male,32,CA,black or african american,Black,desktop
157090,2025-05-06T17:03:43Z,male,42,GB,white,White,laptop
157091,2025-05-06T17:00:04Z,female,37,US,white,White,desktop
157092,2025-05-06T17:04:36Z,male,50,US,white,White,laptop
157093,2025-05-06T17:10:10Z,female,47,ZA,black,Black,phone
157094,2025-05-06T17:04:55Z,male,37,ZA,black american,Black,desktop
157097,2025-05-06T17:14:42Z,female,32,ZA,black,Black,laptop
157098,2025-05-06T17:07:30Z,female,31,ZA,black,Black,phone
157099,2025-05-06T17:03:34Z,female,57,ZA,african,Black,phone
157100,2025-05-06T17:02:33Z,male,30,PT,white,White,laptop
157101,2025-05-06T17:10:30Z,male,46,ZA,black,Black,laptop
157102,2025-05-06T17:11:41Z,female,25,ZA,black,Black,desktop
157103,2025-05-06T17:09:53Z,male,31,GB,black/british,Ambiguous label,laptop
157104,2025-05-06T17:06:58Z,female,23,ZA,black,Black,laptop
157105,2025-05-06T17:07:00Z,male,35,GB,caucasian,White,phone
157106,2025-05-06T17:05:11Z,female,42,GB,white,White,laptop
157107,2025-05-06T17:02:16Z,female,40,ZA,black,Black,phone
157108,2025-05-06T17:04:45Z,female,31,PL,white,White,laptop
157110,2025-05-06T17:08:04Z,female,29,ZA,african,Black,phone
157111,2025-05-06T17:07:03Z,male,52,CA,mixed,Mixed,laptop
157112,2025-05-06T17:02:45Z,male,35,US,white,White,desktop
157113,2025-05-06T17:10:48Z,female,39,ZA,black,Black,tablet
157114,2025-05-06T17:04:22Z,male,34,PL,white,White,phone
157115,2025-05-06T17:06:39Z,male,25,US,white,White,desktop
157116,2025-05-06T17:05:11Z,male,29,PT,white/european,White,laptop
157117,2025-05-06T17:10:08Z,female,25,ZA,black,Black,phone
157118,2025-05-06T17:13:00Z,female,30,ZA,black,Black,phone
157119,2025-05-06T17:12:09Z,male,20,ZA,black,Black,laptop
157120,2025-05-06T17:04:57Z,female,22,ZA,black,Black,desktop
157121,2025-05-06T17:26:24Z,male,56,ZA,black,Black,laptop
157122,2025-05-06T17:15:47Z,female,50,GB,white,White,laptop
157124,2025-05-06T17:12:30Z,female,35,ZA,black,Black,desktop
157126,2025-05-06T17:11:37Z,male,35,ZA,black,Black,laptop
157127,2025-05-06T17:16:22Z,male,61,ZA,black,Black,laptop
157128,2025-05-06T17:08:56Z,male,65,ZA,black,Black,phone
157129,2025-05-06T17:21:43Z,female,20,ZA,african,Black,laptop
157130,2025-05-06T17:08:42Z,female,46,ZA,black,Black,laptop
157131,2025-05-06T17:06:43Z,female,36,GB,white,White,desktop
157133,2025-05-06T17:11:29Z,male,33,PT,white,White,desktop
157134,2025-05-06T17:09:53Z,male,53,US,white,White,desktop
157136,2025-05-06T17:16:55Z,female,26,ZA,black,Black,phone
157138,2025-05-06T17:14:11Z,male,43,ZA,african,Black,phone
157139,2025-05-06T17:11:09Z,female,36,ZA,black,Black,desktop
157140,2025-05-06T17:08:11Z,female,38,HU,white,White,laptop
157141,2025-05-06T17:12:34Z,male,68,US,white,White,laptop
157142,2025-05-06T17:36:23Z,female,37,ZA,black,Black,laptop
157144,2025-05-06T17:32:20Z,male,33,ZA,african,Black,laptop
157146,2025-05-06T17:13:28Z,male,25,ZA,black,Black,phone
157147,2025-05-06T17:15:15Z,female,40,ZA,black,Black,phone
157148,2025-05-06T17:41:12Z,female,49,ZA,black,Black,desktop
157149,2025-05-06T17:10:01Z,female,31,ZA,indian,Asian,laptop
157151,2025-05-06T17:13:38Z,male,40,US,black african,Black,laptop
157152,2025-05-06T17:11:56Z,male,22,ZA,black,Black,laptop
157153,2025-05-06T17:09:26Z,male,38,GB,white,White,phone
157154,2025-05-06T17:10:01Z,female,62,ZA,white,White,phone
157155,2025-05-06T17:34:26Z,female,39,ZA,black,Black,laptop
157156,2025-05-06T17:18:03Z,male,31,GB,black,Black,laptop
157157,2025-05-06T17:23:59Z,male,59,CA,"white, southern european",White,laptop
157160,2025-05-06T17:18:40Z,female,37,GB,white british,White,laptop
157161,2025-05-06T17:16:22Z,female,31,CL,latinamerican,Latine,desktop
157162,2025-05-06T17:17:50Z,female,26,ZA,black,Black,laptop
157164,2025-05-06T17:20:56Z,male,28,GB,white,White,laptop
157166,2025-05-06T17:14:49Z,male,46,US,white/caucasion,White,laptop
157167,2025-05-06T17:12:09Z,male,22,PT,white,White,desktop
157168,2025-05-06T17:12:28Z,male,50,US,white,White,laptop
157169,2025-05-06T17:14:28Z,female,24,ZA,black,Black,desktop
157170,2025-05-06T17:16:31Z,male,30,GB,black,Black,laptop
157171,2025-05-06T17:24:58Z,male,29,GB,black,Black,laptop
157172,2025-05-06T17:25:05Z,male,56,US,white,White,laptop
157175,2025-05-06T17:17:29Z,male,35,DE,caucasian,White,laptop
157176,2025-05-06T17:15:37Z,female,22,ZA,black,Black,laptop
157177,2025-05-06T17:16:33Z,female,22,ZA,black,Black,phone
157178,2025-05-06T17:20:06Z,female,26,ZA,african,Black,desktop
157179,2025-05-06T17:17:21Z,female,31,ZA,black,Black,laptop
157180,2025-05-06T17:19:30Z,male,21,MX,hispanic,Latine,desktop
157181,2025-05-06T17:35:24Z,male,40,GB,black,Black,laptop
157182,2025-05-06T17:46:40Z,male,59,US,white,White,desktop
157183,2025-05-06T17:22:00Z,female,22,ZA,african,Black,phone
157184,2025-05-06T17:14:07Z,female,36,GB,white caucasian,White,laptop
157185,2025-05-06T17:15:52Z,male,27,CA,chinese,Asian,desktop
157186,2025-05-06T17:18:38Z,male,38,ZA,mixed race,Mixed,desktop
157187,2025-05-06T17:19:42Z,female,29,US,afican american,Black,desktop
157188,2025-05-06T17:34:45Z,male,29,ZA,black,Black,laptop
157189,2025-05-06T17:32:51Z,male,28,ZA,african,Black,phone
157190,2025-05-06T17:17:21Z,female,81,ZA,black,Black,desktop
157192,2025-05-06T17:33:21Z,male,27,ZA,black,Black,laptop
157193,2025-05-06T17:18:36Z,female,34,ZA,black,Black,phone
157195,2025-05-06T17:38:13Z,female,30,US,black,Black,laptop
157197,2025-05-06T17:22:34Z,male,27,ZA,white/caucasian,White,laptop
157198,2025-05-06T17:56:38Z,male,24,ZA,black,Black,laptop
157199,2025-05-06T17:29:13Z,female,41,ZA,black,Black,desktop
157200,2025-05-06T17:20:51Z,female,43,GB,british/white,White,laptop
157201,2025-05-06T17:19:31Z,male,48,IL,white,White,laptop
157202,2025-05-06T17:18:42Z,male,29,US,african american,Black,laptop
157203,2025-05-06T17:20:30Z,male,28,US,white,White,laptop
157204,2025-05-06T17:23:44Z,male,32,US,black,Black,desktop
157207,2025-05-06T17:30:45Z,female,42,ZA,white,White,laptop
157208,2025-05-06T17:20:16Z,female,24,ZA,black,Black,phone
157210,2025-05-06T17:19:31Z,female,45,GR,white,White,phone
157211,2025-05-06T17:24:08Z,male,25,ZA,black south african,Black,laptop
157212,2025-05-06T17:18:00Z,male,31,ES,caucasian,White,laptop
157213,2025-05-06T17:19:49Z,female,48,HU,caucasian/white,White,desktop
157215,2025-05-06T17:21:52Z,female,54,GB,white,White,phone
157216,2025-05-06T17:19:52Z,female,36,ZA,black african,Black,phone
157217,2025-05-06T17:22:44Z,female,22,ES,white,White,laptop
157219,2025-05-06T17:26:45Z,female,51,IT,asian,Asian,phone
157220,2025-05-06T17:26:52Z,male,30,IT,caucasian,White,laptop
157221,2025-05-06T17:18:53Z,male,32,DE,white,White,laptop
157222,2025-05-06T17:22:31Z,female,25,PT,caucasian,White,desktop
157223,2025-05-06T17:22:56Z,male,32,ZA,mixed race,Mixed,phone
157224,2025-05-06T17:35:29Z,female,40,US,white,White,desktop
157225,2025-05-06T17:18:54Z,female,46,GB,black,Black,laptop
157227,2025-05-06T17:19:35Z,female,20,PL,white,White,laptop
157228,2025-05-06T17:22:19Z,male,19,ZA,black,Black,laptop
157229,2025-05-06T17:24:21Z,male,32,CA,white/european,White,desktop
157230,2025-05-06T17:33:06Z,male,50,MX,mixed race,Mixed,laptop
157231,2025-05-06T17:24:44Z,male,24,BE,north african,MENA,laptop
157233,2025-05-06T17:23:46Z,male,43,ZA,african,Black,laptop
157235,2025-05-06T17:37:40Z,male,20,PL,white,White,laptop
157236,2025-05-06T17:26:41Z,female,23,ZA,black,Black,laptop
157237,2025-05-06T17:42:49Z,male,34,US,asian,Asian,laptop
157239,2025-05-06T17:31:25Z,female,23,ZA,black,Black,phone
157241,2025-05-06T17:26:34Z,female,26,MX,latinx,Latine,desktop
157242,2025-05-06T17:44:36Z,male,30,GB,black,Black,laptop
157244,2025-05-06T17:47:33Z,female,72,ZA,black,Black,laptop
157245,2025-05-06T17:32:34Z,male,28,CA,south asian,Asian,desktop
157248,2025-05-06T17:24:52Z,female,54,US,white,White,desktop
157249,2025-05-06T17:28:23Z,female,28,ZA,african,Black,desktop
157250,2025-05-06T17:21:18Z,male,55,GB,white,White,desktop
157252,2025-05-06T17:31:35Z,male,41,US,white,White,phone
157253,2025-05-06T17:25:13Z,male,41,CA,vietnamese,Asian,laptop
157255,2025-05-06T17:30:35Z,male,49,IN,asian,Asian,laptop
157256,2025-05-06T17:30:02Z,female,42,ZA,black,Black,phone
157257,2025-05-06T17:28:30Z,male,55,US,white,White,laptop
157259,2025-05-06T17:34:34Z,female,65,GB,white,White,laptop
157261,2025-05-06T17:33:22Z,male,37,ZA,african,Black,phone
157262,2025-05-06T17:38:16Z,male,31,ZA,black,Black,laptop
157263,2025-05-06T17:38:05Z,male,27,GB,black/ african,Black,laptop
157264,2025-05-06T17:29:12Z,male,25,GB,black,Black,desktop
157265,2025-05-06T17:30:42Z,male,55,CA,white,White,desktop
157266,2025-05-06T17:26:39Z,female,52,GB,white,White,laptop
157267,2025-05-06T18:19:28Z,male,46,PL,white/caucasian,White,laptop
157268,2025-05-06T17:40:43Z,female,23,ZA,black american,Black,desktop
157269,2025-05-06T17:42:56Z,female,42,US,black american,Black,laptop
157270,2025-05-06T17:38:29Z,female,20,ZA,black,Black,laptop
157271,2025-05-06T17:37:20Z,female,36,ZA,black african,Black,laptop
157272,2025-05-06T17:42:02Z,female,61,HU,white european,White,desktop
157273,2025-05-06T17:32:29Z,female,46,IL,white,White,laptop
157274,2025-05-06T17:32:07Z,male,36,ES,caucasian,White,laptop
157275,2025-05-06T17:29:16Z,male,20,ZA,black,Black,phone
157276,2025-05-06T17:30:58Z,male,25,GB,black,Black,laptop
157277,2025-05-06T17:50:15Z,female,26,ZA,african,Black,laptop
157278,2025-05-06T17:26:13Z,male,25,US,white,White,desktop
157279,2025-05-06T17:33:15Z,male,24,ZA,black,Black,laptop
157280,2025-05-06T17:34:06Z,female,60,ZA,black,Black,phone
157281,2025-05-06T17:44:02Z,male,22,ZA,black,Black,laptop
157282,2025-05-06T17:30:48Z,male,21,LV,white,White,phone
157283,2025-05-06T17:34:49Z,female,22,ZA,black,Black,laptop
157284,2025-05-06T17:31:10Z,male,34,ZA,black,Black,phone
157285,2025-05-06T17:32:57Z,female,23,US,african american/black,Black,laptop
157286,2025-05-06T17:43:43Z,female,20,ZA,black,Black,laptop
157287,2025-05-06T17:33:51Z,male,37,PL,white,White,laptop
157288,2025-05-06T17:41:33Z,male,20,ZA,african,Black,desktop
157289,2025-05-06T17:40:13Z,male,31,DK,white,White,desktop
157290,2025-05-06T17:35:43Z,female,30,ZA,black,Black,desktop
157291,2025-05-06T17:32:47Z,male,52,GB,british,White,desktop
157292,2025-05-06T17:34:13Z,male,50,ES,white/caucasian,White,laptop
157293,2025-05-06T17:36:55Z,female,39,US,mixed,Mixed,phone
157294,2025-05-06T17:38:56Z,female,31,GB,white,White,laptop
157295,2025-05-06T17:48:42Z,female,49,US,white,White,laptop
157296,2025-05-06T17:38:37Z,female,24,GB,white,White,laptop
157297,2025-05-06T17:31:26Z,male,36,GB,mixed,Mixed,phone
157298,2025-05-06T17:33:11Z,female,26,PT,white,White,laptop
157299,2025-05-06T17:37:55Z,female,24,ZA,african,Black,phone
157300,2025-05-06T17:32:49Z,female,32,ZA,black african,Black,phone
157301,2025-05-06T17:51:39Z,female,26,US,black american,Black,laptop
157302,2025-05-06T17:38:38Z,female,33,ZA,black,Black,laptop
157303,2025-05-06T17:58:48Z,male,45,US,latino,Latine,laptop
157304,2025-05-06T17:48:23Z,female,29,US,black american,Black,desktop
157305,2025-05-06T17:35:48Z,male,25,CA,south asian,Asian,laptop
157306,2025-05-06T17:40:43Z,male,33,PL,white,White,desktop
157307,2025-05-06T17:33:52Z,male,40,US,caucasian,White,tablet
157308,2025-05-06T17:41:20Z,male,26,ZA,black,Black,desktop
157309,2025-05-06T17:46:39Z,male,35,ZA,black african,Black,laptop
157310,2025-05-06T17:39:23Z,male,26,CA,white,White,desktop
157311,2025-05-06T17:38:54Z,female,57,ZA,black,Black,laptop
157312,2025-05-06T17:34:43Z,male,26,PL,white,White,laptop
157313,2025-05-06T17:42:37Z,male,28,ZA,coloured,Black,desktop
157314,2025-05-06T17:38:12Z,male,18,GB,white,White,laptop
157317,2025-05-06T17:44:17Z,male,34,GR,caucasian/greek,White,desktop
157318,2025-05-06T17:43:18Z,male,44,ES,white,White,laptop
157319,2025-05-06T17:37:24Z,female,38,US,black,Black,laptop
157322,2025-05-06T17:39:00Z,female,37,PT,whithe/caucasian,White,desktop
157323,2025-05-06T17:43:12Z,female,55,GB,white,White,laptop
157324,2025-05-06T17:41:53Z,non-binary,18,ZA,black,Black,phone
157325,2025-05-06T17:44:31Z,male,32,ZA,black,Black,phone
157327,2025-05-06T17:49:04Z,female,18,ZA,black,Black,phone
157328,2025-05-06T17:50:43Z,male,36,US,white,White,desktop
157329,2025-05-06T17:43:36Z,female,43,GB,white/caucasian,White,desktop
157331,2025-05-06T17:43:11Z,male,57,GB,british asian,Asian,phone
157332,2025-05-06T17:46:51Z,male,74,GB,white,White,laptop
157333,2025-05-06T17:47:15Z,male,29,HR,white,White,desktop
157334,2025-05-06T17:41:00Z,female,25,GB,white,White,desktop
157335,2025-05-06T17:46:28Z,male,33,ZA,black,Black,laptop
157336,2025-05-06T18:08:13Z,female,31,US,black,Black,laptop
157337,2025-05-06T18:01:35Z,male,29,US,white/caucasian,White,desktop
157338,2025-05-06T17:46:22Z,male,30,US,black,Black,laptop
157339,2025-05-06T17:46:57Z,male,30,PL,black,Black,laptop
157340,2025-05-06T17:42:48Z,male,33,ZA,black,Black,phone
157341,2025-05-06T17:41:39Z,female,55,ZA,black,Black,phone
157342,2025-05-06T17:43:22Z,male,27,BR,white,White,phone
157343,2025-05-06T17:41:00Z,female,56,US,white,White,desktop
157344,2025-05-06T17:45:37Z,male,42,GB,caucasian,White,desktop
157345,2025-05-06T17:44:34Z,male,63,US,white,White,desktop
157346,2025-05-06T17:49:46Z,female,59,US,caucasian,White,desktop
157347,2025-05-06T17:46:04Z,male,19,ZA,mixed,Mixed,desktop
157348,2025-05-06T17:45:43Z,female,26,ZA,black,Black,desktop
157349,2025-05-06T18:02:54Z,female,19,ZA,black,Black,laptop
157350,2025-05-06T17:56:36Z,male,26,IT,white,White,desktop
157351,2025-05-06T17:44:43Z,male,20,ZA,black,Black,laptop
157352,2025-05-06T17:43:36Z,male,48,ZA,white,White,laptop
157353,2025-05-06T17:46:27Z,male,29,US,white,White,laptop
157354,2025-05-06T17:47:57Z,male,26,PL,slavic,White,desktop
157355,2025-05-06T17:42:31Z,male,24,PL,white,White,desktop
157356,2025-05-06T17:47:10Z,male,23,GB,asian,Asian,laptop
157357,2025-05-06T17:50:27Z,female,39,GB,mauritian,Ambiguous label,desktop
157358,2025-05-06T17:44:53Z,male,52,US,white,White,desktop
157361,2025-05-06T17:46:31Z,female,25,US,black,Black,laptop
157362,2025-05-06T17:53:08Z,male,44,KE,black,Black,laptop
157363,2025-05-06T17:48:58Z,female,23,ZA,black,Black,desktop
157364,2025-05-06T18:04:49Z,male,34,US,white,White,laptop
157365,2025-05-06T17:56:43Z,female,35,MX,latina,Latine,laptop
157366,2025-05-06T17:44:48Z,male,30,PL,white,White,desktop
157367,2025-05-06T17:52:34Z,male,57,US,white,White,laptop
157368,2025-05-06T17:47:51Z,female,22,ZA,african,Black,phone
157369,2025-05-06T17:50:22Z,female,28,ZA,black,Black,laptop
157370,2025-05-06T17:46:54Z,male,29,IT,white,White,laptop
157371,2025-05-06T17:47:33Z,female,45,GB,white/british,White,desktop
157372,2025-05-06T17:45:57Z,male,76,GB,white,White,desktop
157373,2025-05-06T17:47:45Z,female,64,US,white,White,desktop
157374,2025-05-06T17:55:43Z,female,24,ZA,african,Black,phone
157377,2025-05-06T17:49:36Z,female,32,ZA,black,Black,laptop
157378,2025-05-06T17:52:59Z,male,33,US,white,White,desktop
157379,2025-05-06T17:58:52Z,male,31,US,white,White,laptop
157380,2025-05-06T18:08:29Z,female,26,US,black,Black,laptop
157382,2025-05-06T18:28:08Z,female,48,ZA,black,Black,phone
157383,2025-05-06T17:55:15Z,male,39,ZA,african,Black,laptop
157385,2025-05-06T17:56:54Z,female,29,US,white,White,laptop
157387,2025-05-06T18:02:37Z,female,30,US,white,White,laptop
157388,2025-05-06T17:50:58Z,male,53,GB,white,White,phone
157389,2025-05-06T17:50:20Z,male,50,US,white,White,laptop
157390,2025-05-06T17:59:36Z,male,31,SE,white/swedish,White,desktop
157391,2025-05-06T17:52:34Z,female,65,ZA,black,Black,phone
157392,2025-05-06T17:51:51Z,male,33,CA,asian,Asian,laptop
157393,2025-05-06T17:52:16Z,male,26,CL,latino,Latine,laptop
157394,2025-05-06T17:56:36Z,female,34,ZA,black,Black,laptop
157396,2025-05-06T18:06:27Z,male,47,GB,black,Black,laptop
157399,2025-05-06T17:55:23Z,female,24,FR,white,White,desktop
157400,2025-05-06T17:58:26Z,female,51,US,black american,Black,laptop
157401,2025-05-06T17:53:25Z,male,31,HR,white/caucasian,White,desktop
157402,2025-05-06T17:54:42Z,male,49,GB,white,White,laptop
157403,2025-05-06T17:52:32Z,female,60,ZA,white,White,laptop
157404,2025-05-06T17:55:10Z,female,22,ZA,black,Black,phone
157405,2025-05-06T18:01:14Z,female,23,IN,asian,Asian,laptop
157407,2025-05-06T17:54:36Z,female,25,ZA,black,Black,phone
157408,2025-05-06T17:54:23Z,male,29,FR,asian,Asian,laptop
157409,2025-05-06T18:09:16Z,male,33,EE,white/estonian,White,desktop
157410,2025-05-06T17:57:19Z,female,34,US,black,Black,laptop
157413,2025-05-06T17:53:47Z,male,29,CL,hispanic,Latine,desktop
157414,2025-05-06T18:02:28Z,female,30,GB,black,Black,laptop
157415,2025-05-06T18:10:00Z,male,39,US,white,White,laptop
157416,2025-05-06T17:54:41Z,male,36,US,white,White,desktop
157417,2025-05-06T18:09:47Z,male,19,ZA,black,Black,desktop
157419,2025-05-06T18:07:09Z,female,28,ZA,black,Black,phone
157420,2025-05-06T17:54:22Z,male,28,IT,white,White,desktop
157421,2025-05-06T17:56:59Z,female,47,GB,white,White,laptop
157422,2025-05-06T17:59:54Z,male,30,ES,caucasic,White,laptop
157423,2025-05-06T17:59:11Z,male,32,ZA,white,White,desktop
157424,2025-05-06T17:54:16Z,male,24,ZA,black,Black,laptop
157425,2025-05-06T17:56:55Z,male,35,FR,white,White,desktop
157426,2025-05-06T17:59:12Z,male,45,CL,latino,Latine,desktop
157427,2025-05-06T17:55:43Z,male,36,US,black,Black,laptop
157428,2025-05-06T18:04:13Z,female,39,PL,white/caucasian,White,laptop
157429,2025-05-06T18:02:17Z,female,63,GB,white,White,laptop
157430,2025-05-06T17:54:39Z,female,39,GB,british,White,phone
157431,2025-05-06T18:02:38Z,male,68,GB,white,White,desktop
157432,2025-05-06T17:55:33Z,male,40,CA,white,White,phone
157433,2025-05-06T17:59:12Z,male,35,HU,caucasian,White,desktop
157434,2025-05-06T17:55:56Z,male,48,US,asian,Asian,laptop
157435,2025-05-06T17:53:53Z,male,39,US,white,White,desktop
157436,2025-05-06T18:01:20Z,male,47,US,native american,Indigenous / Pacific Islander,phone
157437,2025-05-06T17:59:48Z,male,43,ZA,white,White,desktop
157438,2025-05-06T17:56:58Z,male,38,US,white/ latino,Mixed,desktop
157440,2025-05-06T18:14:18Z,female,40,US,east asian,Asian,desktop
157442,2025-05-06T17:59:45Z,female,40,ZA,black,Black,laptop
157443,2025-05-06T18:05:54Z,female,27,ZA,african,Black,laptop
157445,2025-05-06T18:05:37Z,female,26,ZA,black,Black,desktop
157446,2025-05-06T18:08:34Z,female,23,ZA,black,Black,phone
157447,2025-05-06T18:04:59Z,female,30,ZA,black/african,Black,desktop
157449,2025-05-06T18:05:32Z,male,24,IT,white,White,laptop
157451,2025-05-06T18:00:00Z,male,26,GB,white/british,White,desktop
157452,2025-05-06T18:05:48Z,male,59,US,white,White,laptop
157453,2025-05-06T18:05:48Z,male,30,CL,latin,Latine,desktop
157455,2025-05-06T18:36:52Z,male,38,ZA,african,Black,phone
157456,2025-05-06T18:03:02Z,female,32,GB,african,Black,laptop
157457,2025-05-06T18:04:21Z,female,64,US,black american,Black,laptop
157458,2025-05-06T18:02:13Z,female,30,ZA,black,Black,laptop
157460,2025-05-06T18:10:29Z,female,26,ZA,black,Black,laptop
157461,2025-05-06T18:05:17Z,male,21,PL,white,White,desktop
157463,2025-05-06T18:05:24Z,male,65,US,black african american,Black,laptop
157464,2025-05-06T18:04:34Z,female,24,PT,white,White,laptop
157466,2025-05-06T18:08:03Z,male,46,ES,white,White,laptop
157467,2025-05-06T18:03:30Z,male,41,US,white hispanic,Ambiguous label,phone
157468,2025-05-06T18:06:44Z,male,26,PL,white/caucasian,White,desktop
157469,2025-05-06T18:11:54Z,male,52,PT,caucasian,White,desktop
157470,2025-05-06T18:08:09Z,male,38,US,white,White,laptop
157471,2025-05-06T18:07:50Z,female,41,US,white,White,desktop
157472,2025-05-06T18:16:54Z,female,32,BR,preta,Latine,phone
157473,2025-05-06T18:12:27Z,female,30,ZA,black,Black,phone
157474,2025-05-06T18:04:10Z,female,54,GB,black,Black,laptop
157475,2025-05-06T18:10:02Z,male,22,BE,"belgium, asian",Ambiguous label,desktop
157476,2025-05-06T18:15:16Z,female,26,ZA,black,Black,phone
157477,2025-05-06T18:03:47Z,male,36,ZA,black,Black,laptop
157478,2025-05-06T18:13:01Z,female,35,ZA,black,Black,phone
157480,2025-05-06T18:07:04Z,female,31,GB,white british,White,laptop
157481,2025-05-06T18:04:54Z,female,25,US,white,White,laptop
157482,2025-05-06T18:14:39Z,male,35,GB,white,White,laptop
157483,2025-05-06T18:20:59Z,male,22,ZA,african,Black,phone
157484,2025-05-06T18:17:07Z,female,25,PT,white,White,laptop
157487,2025-05-06T18:04:26Z,male,22,ZA,black,Black,laptop
157488,2025-05-06T18:04:20Z,female,22,KE,black,Black,phone
157490,2025-05-06T18:06:35Z,female,24,ES,white,White,laptop
157491,2025-05-06T18:05:24Z,female,43,GB,white british,White,laptop
157492,2025-05-06T18:13:26Z,male,36,US,caicasoan,White,laptop
157494,2025-05-06T18:04:26Z,male,57,IT,caucasian,White,desktop
157495,2025-05-06T18:06:56Z,male,40,US,black,Black,laptop
157497,2025-05-06T18:03:22Z,male,41,GB,black,Black,laptop
157498,2025-05-06T18:14:53Z,female,24,ZA,black african,Black,desktop
157499,2025-05-06T18:05:29Z,male,32,CA,south asian,Asian,laptop
157500,2025-05-06T18:08:19Z,male,34,GB,white,White,laptop
157501,2025-05-06T18:09:49Z,female,30,ZA,black,Black,phone
157502,2025-05-06T18:09:09Z,male,29,US,white,White,laptop
157504,2025-05-06T18:29:32Z,female,64,ZA,black,Black,laptop
157505,2025-05-06T18:11:42Z,male,28,ZA,black,Black,laptop
157506,2025-05-06T18:12:22Z,female,24,ZA,black,Black,phone
157507,2025-05-06T18:10:11Z,female,36,ZA,black,Black,phone
157509,2025-05-06T18:15:36Z,male,36,ZA,black,Black,phone
157510,2025-05-06T18:09:40Z,female,38,ZA,black,Black,phone
157511,2025-05-06T18:16:30Z,male,51,GB,white,White,laptop
157513,2025-05-06T18:17:19Z,female,57,US,white,White,laptop
157514,2025-05-06T18:09:41Z,male,41,ZA,black,Black,laptop
157515,2025-05-06T18:22:24Z,female,29,GB,black,Black,laptop
157516,2025-05-06T18:16:56Z,male,34,ZA,black,Black,laptop
157517,2025-05-06T18:13:34Z,female,61,GB,white british,White,laptop
157518,2025-05-06T18:16:48Z,male,36,GB,white british,White,laptop
157520,2025-05-06T18:17:11Z,female,34,PT,white,White,desktop
157522,2025-05-06T18:14:10Z,male,46,ZA,african,Black,laptop
157523,2025-05-06T18:09:17Z,male,51,ZA,black,Black,laptop
157524,2025-05-06T18:17:35Z,male,43,ZA,black,Black,desktop
157525,2025-05-06T18:10:46Z,male,23,CA,asian,Asian,desktop
157526,2025-05-06T18:14:21Z,male,44,US,white,White,laptop
157527,2025-05-06T18:15:27Z,female,38,ZA,black african,Black,phone
157528,2025-05-06T18:18:41Z,male,36,US,white,White,laptop
157529,2025-05-06T18:14:35Z,male,32,NL,white,White,tablet
157530,2025-05-06T18:18:08Z,female,62,US,white,White,phone
157531,2025-05-06T18:16:45Z,male,23,GR,greek,White,desktop
157533,2025-05-06T18:17:09Z,male,18,ZA,black,Black,phone
157535,2025-05-06T18:14:15Z,male,41,US,white,White,laptop
157536,2025-05-06T18:19:22Z,male,44,US,white,White,laptop
157537,2025-05-06T18:27:34Z,male,34,CA,white,White,desktop
157538,2025-05-06T18:19:55Z,male,28,ZA,black,Black,phone
157539,2025-05-06T18:39:46Z,female,37,ZA,black,Black,phone
157540,2025-05-06T18:19:52Z,female,52,ZA,colored,Black,tablet
157541,2025-05-06T18:15:08Z,male,45,ES,caucasian,White,laptop
157542,2025-05-06T18:17:37Z,male,48,GB,black,Black,laptop
157543,2025-05-06T18:17:21Z,female,22,ZA,black,Black,phone
157544,2025-05-06T18:22:32Z,male,51,GB,white,White,laptop
157545,2025-05-06T18:12:36Z,female,44,CA,caucasian,White,laptop
157546,2025-05-06T18:26:57Z,male,36,MX,hispanic/latino,Latine,laptop
157547,2025-05-06T18:21:44Z,female,25,ZA,african,Black,laptop
157548,2025-05-06T18:17:32Z,female,28,ZA,black,Black,phone
157550,2025-05-06T18:13:16Z,male,25,SI,white,White,desktop
157551,2025-05-06T18:24:50Z,male,21,US,white,White,laptop
157553,2025-05-06T18:26:05Z,female,32,ZA,black,Black,laptop
157555,2025-05-06T18:49:03Z,male,24,PT,white,White,desktop
157556,2025-05-06T18:19:41Z,male,31,SE,white/caucasian,White,desktop
157557,2025-05-06T18:17:59Z,non-binary,46,US,white,White,desktop
157558,2025-05-06T18:20:27Z,male,47,GB,white,White,laptop
157559,2025-05-06T18:24:09Z,female,68,ZA,african,Black,phone
157560,2025-05-06T18:19:34Z,male,29,GB,black,Black,laptop
157561,2025-05-06T18:25:37Z,male,20,ZA,black,Black,desktop
157562,2025-05-06T18:18:49Z,female,45,ZA,black,Black,laptop
157564,2025-05-06T18:27:09Z,male,33,US,white,White,desktop
157567,2025-05-06T18:16:44Z,male,41,CA,indo-fijian,Asian,phone
157569,2025-05-06T18:20:12Z,male,28,US,white,White,laptop
157570,2025-05-06T18:18:35Z,female,57,ES,white,White,desktop
157571,2025-05-06T18:24:23Z,female,30,GB,black,Black,desktop
157574,2025-05-06T18:42:39Z,female,36,CA,caucasian canadian,White,desktop
157575,2025-05-06T18:25:38Z,male,31,IN,indian,Asian,desktop
157576,2025-05-06T18:21:47Z,female,26,ZA,black,Black,laptop
157577,2025-05-06T18:41:04Z,male,30,US,white,White,laptop
157578,2025-05-06T18:22:01Z,male,22,US,black,Black,laptop
157580,2025-05-06T18:25:37Z,male,26,IN,asian,Asian,desktop
157583,2025-05-06T18:25:23Z,female,25,ZA,black,Black,phone
157586,2025-05-06T18:22:20Z,male,37,ZA,white,White,laptop
157587,2025-05-06T18:21:39Z,female,29,ZA,black,Black,phone
157588,2025-05-06T18:20:59Z,female,28,US,asian,Asian,laptop
157590,2025-05-06T18:23:24Z,male,43,GB,white,White,desktop
157591,2025-05-06T18:21:38Z,female,40,ZA,black,Black,phone
157593,2025-05-06T18:21:57Z,female,29,GB,asian,Asian,laptop
157594,2025-05-06T18:25:18Z,female,55,GB,caucasian,White,laptop
157596,2025-05-06T18:28:53Z,male,35,KE,black,Black,laptop
157598,2025-05-06T18:27:18Z,male,31,ZA,black,Black,laptop
157600,2025-05-06T18:24:25Z,male,47,MX,latino,Latine,laptop
157602,2025-05-06T18:24:41Z,male,36,US,hispanic,Latine,laptop
157603,2025-05-06T18:30:51Z,female,47,GB,caribbean,Ambiguous label,laptop
157604,2025-05-06T18:30:00Z,female,33,ZA,black,Black,phone
157605,2025-05-06T18:31:10Z,female,21,US,black,Black,laptop
157606,2025-05-06T18:33:01Z,female,24,ZA,black,Black,laptop
157607,2025-05-06T18:23:51Z,female,50,US,white,White,laptop
157610,2025-05-06T18:42:29Z,female,20,ZA,black,Black,phone
157611,2025-05-06T18:32:23Z,male,54,ZA,black,Black,phone
157612,2025-05-06T18:26:41Z,male,29,CA,caucasian (white),White,desktop
157614,2025-05-06T18:24:39Z,female,20,ZA,black,Black,phone
157615,2025-05-06T18:51:52Z,male,28,US,white,White,laptop
157616,2025-05-06T18:25:15Z,male,44,US,white,White,laptop
157619,2025-05-06T18:36:40Z,male,21,US,white,White,laptop
157621,2025-05-06T18:32:54Z,female,33,ZA,black,Black,laptop
157623,2025-05-06T18:32:58Z,female,46,ZA,black,Black,phone
157624,2025-05-06T18:29:01Z,male,71,PT,white,White,desktop
157625,2025-05-06T18:28:26Z,male,36,PL,white/caucasian,White,laptop
157626,2025-05-06T18:26:00Z,male,37,ZA,indian,Asian,desktop
157627,2025-05-06T18:32:56Z,female,32,US,white,White,laptop
157628,2025-05-06T18:35:59Z,female,31,ZA,black,Black,laptop
157630,2025-05-06T18:26:22Z,male,20,PL,white,White,desktop
157631,2025-05-06T18:28:25Z,female,73,GB,white,White,desktop
157632,2025-05-06T18:31:19Z,male,55,US,white,White,laptop
157633,2025-05-06T18:26:16Z,male,36,CA,white,White,laptop
157634,2025-05-06T18:30:43Z,female,27,ZA,black,Black,laptop
157635,2025-05-06T18:29:01Z,female,50,US,biracial,Mixed,laptop
157637,2025-05-06T18:31:27Z,female,26,ZA,black african,Black,laptop
157638,2025-05-06T18:38:42Z,male,26,ES,white,White,laptop
157639,2025-05-06T18:30:20Z,male,30,PT,white,White,desktop
157641,2025-05-06T18:29:36Z,female,30,ZA,black,Black,laptop
157642,2025-05-06T18:37:57Z,male,20,ZA,african,Black,phone
157643,2025-05-06T19:00:37Z,female,32,US,white,White,laptop
157644,2025-05-06T18:41:12Z,female,26,GB,black,Black,laptop
157645,2025-05-06T18:33:17Z,female,50,PT,white / caucasian,White,desktop
157646,2025-05-06T18:41:14Z,male,26,ZA,black,Black,desktop
157647,2025-05-06T18:39:40Z,male,24,US,white,White,laptop
157648,2025-05-06T18:35:02Z,female,50,GB,asian,Asian,laptop
157649,2025-05-06T18:28:56Z,male,31,US,hispanic,Latine,desktop
157650,2025-05-06T18:40:24Z,female,28,IT,"white, eastern european",White,laptop
157652,2025-05-06T18:33:17Z,female,21,SK,white,White,laptop
157653,2025-05-06T18:39:26Z,female,31,ZA,black,Black,phone
157654,2025-05-06T18:39:14Z,female,47,ZA,african,Black,desktop
157655,2025-05-06T18:32:05Z,female,42,US,black/white,Mixed,laptop
157656,2025-05-06T18:37:25Z,male,66,ZA,black,Black,laptop
157657,2025-05-06T18:41:40Z,male,63,US,hispanic,Latine,laptop
157660,2025-05-06T18:58:28Z,male,24,US,white,White,laptop
157661,2025-05-06T18:47:18Z,male,24,ZA,black,Black,phone
157663,2025-05-06T18:35:39Z,female,45,US,white,White,laptop
157664,2025-05-06T18:37:56Z,female,23,ZA,black,Black,tablet
157665,2025-05-06T18:49:23Z,female,23,ZA,black,Black,laptop
157667,2025-05-06T19:04:21Z,female,33,US,caucasian,White,laptop
157668,2025-05-06T18:32:48Z,male,37,US,black,Black,desktop
157669,2025-05-06T18:42:36Z,male,29,IT,white,White,phone
157671,2025-05-06T18:54:20Z,male,24,CA,black,Black,desktop
157672,2025-05-06T18:35:05Z,female,25,PL,white,White,laptop
157675,2025-05-06T18:33:32Z,male,51,US,white,White,laptop
157676,2025-05-06T18:38:34Z,male,37,AR,hispanic/latino,Latine,laptop
157678,2025-05-06T18:39:56Z,female,25,ZA,black african,Black,phone
157679,2025-05-06T18:36:28Z,male,27,US,white,White,laptop
157682,2025-05-06T18:35:46Z,female,32,ZA,white,White,phone
157683,2025-05-06T18:35:50Z,male,27,ZA,black,Black,phone
157684,2025-05-06T18:38:59Z,male,30,GB,caucasian,White,laptop
157685,2025-05-06T18:38:18Z,male,18,GB,white,White,laptop
157686,2025-05-06T18:46:05Z,male,30,US,white,White,laptop
157687,2025-05-06T18:42:54Z,male,32,US,hispanic,Latine,desktop
157688,2025-05-06T18:41:54Z,male,23,GB,black,Black,laptop
157690,2025-05-06T18:43:00Z,female,22,KE,black,Black,laptop
157692,2025-05-06T18:34:44Z,male,58,US,white,White,desktop
157694,2025-05-06T18:37:55Z,male,25,US,black,Black,laptop
157696,2025-05-06T18:47:07Z,female,23,ZA,black,Black,laptop
157698,2025-05-06T19:13:58Z,male,33,GB,carribean,Ambiguous label,phone
157701,2025-05-06T19:04:02Z,male,27,PL,white,White,desktop
157702,2025-05-06T18:38:45Z,male,38,US,white,White,laptop
157704,2025-05-06T18:36:27Z,female,28,ZA,black,Black,desktop
157705,2025-05-06T18:49:01Z,female,22,ZA,black,Black,desktop
157706,2025-05-06T18:44:35Z,male,47,ES,white,White,laptop
157708,2025-05-06T18:38:05Z,female,28,ZA,black,Black,phone
157709,2025-05-06T18:51:34Z,male,35,ZA,black,Black,laptop
157710,2025-05-06T19:17:27Z,male,23,ZA,black,Black,laptop
157714,2025-05-06T18:38:33Z,female,25,ZA,black,Black,phone
157716,2025-05-06T18:44:53Z,female,30,ZA,black,Black,phone
157718,2025-05-06T18:39:12Z,male,39,US,samoan,Indigenous / Pacific Islander,desktop
157719,2025-05-06T18:45:06Z,female,23,US,latina,Latine,phone
157720,2025-05-06T18:44:06Z,male,23,US,mix,Mixed,laptop
157723,2025-05-06T18:54:49Z,female,30,ZA,black african,Black,phone
157724,2025-05-06T18:42:07Z,male,21,IN,asian,Asian,laptop
157725,2025-05-06T18:42:38Z,male,24,PT,white,White,laptop
157726,2025-05-06T18:41:41Z,female,34,IN,asian,Asian,laptop
157727,2025-05-06T18:43:15Z,female,37,GB,white british,White,laptop
157728,2025-05-06T18:40:06Z,female,26,GB,white british,White,phone
157729,2025-05-06T18:47:36Z,female,30,ZA,race,Ambiguous label,laptop
157730,2025-05-06T18:54:18Z,male,27,KE,black,Black,laptop
157731,2025-05-06T18:45:52Z,male,33,US,hispanic,Latine,phone
157733,2025-05-06T18:49:48Z,male,21,ZA,black,Black,desktop
157735,2025-05-06T18:47:44Z,female,26,US,black,Black,desktop
157736,2025-05-06T18:48:55Z,female,34,CL,caucasian,White,laptop
157737,2025-05-06T18:45:39Z,male,36,ZA,black,Black,laptop
157738,2025-05-06T18:54:59Z,female,28,GB,black,Black,laptop
157739,2025-05-06T18:54:32Z,male,32,US,hispanic,Latine,laptop
157740,2025-05-06T18:51:08Z,female,48,CH,white,White,laptop
157741,2025-05-06T18:43:36Z,female,34,ES,white,White,desktop
157742,2025-05-06T18:48:27Z,female,22,ZA,black,Black,desktop
157744,2025-05-06T18:46:43Z,male,20,GB,black/african,Black,laptop
157746,2025-05-06T18:49:36Z,female,50,GB,white british,White,desktop
157747,2025-05-06T18:53:55Z,female,37,US,white,White,laptop
157748,2025-05-06T18:59:22Z,female,48,ZA,black,Black,desktop
157749,2025-05-06T18:48:52Z,male,26,PL,polish,White,laptop
157750,2025-05-06T18:45:30Z,female,31,ZA,black,Black,phone
157751,2025-05-06T18:46:07Z,male,28,CL,latino,Latine,laptop
157752,2025-05-06T18:44:41Z,male,68,US,white,White,laptop
157753,2025-05-06T19:03:42Z,male,23,GB,white other - romanian,White,laptop
157754,2025-05-06T18:50:08Z,female,49,GB,white,White,laptop
157755,2025-05-06T19:09:11Z,male,32,US,white,White,laptop
157756,2025-05-06T18:48:29Z,male,51,US,white,White,laptop
157757,2025-05-06T18:51:12Z,male,19,ZA,black,Black,tablet
157758,2025-05-06T19:10:43Z,male,36,US,white,White,desktop
157759,2025-05-06T18:54:30Z,male,30,ZA,black,Black,phone
157760,2025-05-06T18:53:40Z,male,27,IT,white,White,laptop
157761,2025-05-06T18:54:17Z,female,27,ZA,black,Black,desktop
157762,2025-05-06T18:53:08Z,male,25,GB,white,White,laptop
157763,2025-05-06T18:54:12Z,male,30,ZA,black,Black,desktop
157764,2025-05-06T18:54:36Z,male,23,US,black american,Black,laptop
157765,2025-05-06T18:57:28Z,male,30,ZA,coloured,Black,desktop
157766,2025-05-06T19:02:47Z,male,66,US,white,White,desktop
157767,2025-05-06T19:08:30Z,male,27,US,white,White,desktop
157768,2025-05-06T18:47:00Z,male,35,DE,white,White,laptop
157770,2025-05-06T18:53:57Z,female,21,ZA,black,Black,phone
157771,2025-05-06T18:58:58Z,female,32,ZA,african,Black,laptop
157772,2025-05-06T19:14:20Z,female,28,ZA,african,Black,laptop
157773,2025-05-06T18:53:19Z,male,29,PT,white,White,desktop
157777,2025-05-06T18:53:38Z,male,23,PL,white,White,desktop
157778,2025-05-06T18:56:07Z,female,76,US,white,White,laptop
157780,2025-05-06T18:51:03Z,female,32,US,european american,White,laptop
157782,2025-05-06T18:56:15Z,female,21,ZA,black,Black,desktop
157783,2025-05-06T18:52:53Z,female,37,GB,white & asian,Mixed,laptop
157784,2025-05-06T18:58:58Z,male,37,ZA,black,Black,laptop
157785,2025-05-06T18:52:01Z,male,23,US,black,Black,laptop
157786,2025-05-06T19:12:07Z,male,22,ZA,black african,Black,laptop
157787,2025-05-06T18:56:32Z,male,38,HU,white,White,desktop
157788,2025-05-06T18:54:24Z,female,22,ZA,black,Black,laptop
157791,2025-05-06T18:58:18Z,male,35,ES,white/spanish,White,desktop
157793,2025-05-06T18:54:19Z,female,48,GB,white/british,White,laptop
157795,2025-05-06T18:57:12Z,male,36,US,white,White,desktop
157797,2025-05-06T19:02:02Z,female,23,ZA,black,Black,phone
157798,2025-05-06T19:05:04Z,male,39,ZA,african,Black,phone
157799,2025-05-06T19:16:39Z,male,24,US,white,White,laptop
157800,2025-05-06T18:58:56Z,female,53,ZA,black,Black,phone
157801,2025-05-06T19:02:06Z,male,52,GB,philippine,Asian,laptop
157802,2025-05-06T19:04:46Z,female,43,ZA,black,Black,desktop
157804,2025-05-06T19:00:25Z,female,31,GB,black-african,Black,phone
157805,2025-05-06T19:31:24Z,male,38,ZA,black,Black,laptop
157806,2025-05-06T19:23:22Z,male,24,US,white,White,laptop
157808,2025-05-06T19:36:55Z,male,27,US,white,White,laptop
157809,2025-05-06T19:40:11Z,male,23,ZA,african,Black,phone
